date,year,month,season,area,anomaly
1880-01-01,1880,Jan,Winter,GLB,-0.18
1880-02-01,1880,Feb,Winter,GLB,-0.25
1880-03-01,1880,Mar,Spring,GLB,-0.09
1880-04-01,1880,Apr,Spring,GLB,-0.16
1880-05-01,1880,May,Spring,GLB,-0.10
1880-06-01,1880,Jun,Summer,GLB,-0.21
1880-07-01,1880,Jul,Summer,GLB,-0.18
1880-08-01,1880,Aug,Summer,GLB,-0.10
1880-09-01,1880,Sep,Autumn,GLB,-0.15
1880-10-01,1880,Oct,Autumn,GLB,-0.23
1880-11-01,1880,Nov,Autumn,GLB,-0.22
1880-12-01,1880,Dec,Winter,GLB,-0.17
1881-01-01,1881,Jan,Winter,GLB,-0.20
1881-02-01,1881,Feb,Winter,GLB,-0.14
1881-03-01,1881,Mar,Spring,GLB,0.03
1881-04-01,1881,Apr,Spring,GLB,0.05
1881-05-01,1881,May,Spring,GLB,0.06
1881-06-01,1881,Jun,Summer,GLB,-0.19
1881-07-01,1881,Jul,Summer,GLB,0.00
1881-08-01,1881,Aug,Summer,GLB,-0.04
1881-09-01,1881,Sep,Autumn,GLB,-0.15
1881-10-01,1881,Oct,Autumn,GLB,-0.22
1881-11-01,1881,Nov,Autumn,GLB,-0.19
1881-12-01,1881,Dec,Winter,GLB,-0.07
1882-01-01,1882,Jan,Winter,GLB,0.16
1882-02-01,1882,Feb,Winter,GLB,0.14
1882-03-01,1882,Mar,Spring,GLB,0.04
1882-04-01,1882,Apr,Spring,GLB,-0.17
1882-05-01,1882,May,Spring,GLB,-0.15
1882-06-01,1882,Jun,Summer,GLB,-0.23
1882-07-01,1882,Jul,Summer,GLB,-0.17
1882-08-01,1882,Aug,Summer,GLB,-0.07
1882-09-01,1882,Sep,Autumn,GLB,-0.15
1882-10-01,1882,Oct,Autumn,GLB,-0.24
1882-11-01,1882,Nov,Autumn,GLB,-0.17
1882-12-01,1882,Dec,Winter,GLB,-0.36
1883-01-01,1883,Jan,Winter,GLB,-0.29
1883-02-01,1883,Feb,Winter,GLB,-0.37
1883-03-01,1883,Mar,Spring,GLB,-0.12
1883-04-01,1883,Apr,Spring,GLB,-0.18
1883-05-01,1883,May,Spring,GLB,-0.17
1883-06-01,1883,Jun,Summer,GLB,-0.08
1883-07-01,1883,Jul,Summer,GLB,-0.06
1883-08-01,1883,Aug,Summer,GLB,-0.14
1883-09-01,1883,Sep,Autumn,GLB,-0.22
1883-10-01,1883,Oct,Autumn,GLB,-0.11
1883-11-01,1883,Nov,Autumn,GLB,-0.23
1883-12-01,1883,Dec,Winter,GLB,-0.11
1884-01-01,1884,Jan,Winter,GLB,-0.13
1884-02-01,1884,Feb,Winter,GLB,-0.09
1884-03-01,1884,Mar,Spring,GLB,-0.37
1884-04-01,1884,Apr,Spring,GLB,-0.40
1884-05-01,1884,May,Spring,GLB,-0.34
1884-06-01,1884,Jun,Summer,GLB,-0.35
1884-07-01,1884,Jul,Summer,GLB,-0.31
1884-08-01,1884,Aug,Summer,GLB,-0.28
1884-09-01,1884,Sep,Autumn,GLB,-0.27
1884-10-01,1884,Oct,Autumn,GLB,-0.25
1884-11-01,1884,Nov,Autumn,GLB,-0.33
1884-12-01,1884,Dec,Winter,GLB,-0.31
1885-01-01,1885,Jan,Winter,GLB,-0.59
1885-02-01,1885,Feb,Winter,GLB,-0.34
1885-03-01,1885,Mar,Spring,GLB,-0.26
1885-04-01,1885,Apr,Spring,GLB,-0.42
1885-05-01,1885,May,Spring,GLB,-0.45
1885-06-01,1885,Jun,Summer,GLB,-0.43
1885-07-01,1885,Jul,Summer,GLB,-0.34
1885-08-01,1885,Aug,Summer,GLB,-0.31
1885-09-01,1885,Sep,Autumn,GLB,-0.29
1885-10-01,1885,Oct,Autumn,GLB,-0.23
1885-11-01,1885,Nov,Autumn,GLB,-0.24
1885-12-01,1885,Dec,Winter,GLB,-0.10
1886-01-01,1886,Jan,Winter,GLB,-0.44
1886-02-01,1886,Feb,Winter,GLB,-0.51
1886-03-01,1886,Mar,Spring,GLB,-0.43
1886-04-01,1886,Apr,Spring,GLB,-0.28
1886-05-01,1886,May,Spring,GLB,-0.24
1886-06-01,1886,Jun,Summer,GLB,-0.35
1886-07-01,1886,Jul,Summer,GLB,-0.18
1886-08-01,1886,Aug,Summer,GLB,-0.31
1886-09-01,1886,Sep,Autumn,GLB,-0.24
1886-10-01,1886,Oct,Autumn,GLB,-0.28
1886-11-01,1886,Nov,Autumn,GLB,-0.27
1886-12-01,1886,Dec,Winter,GLB,-0.25
1887-01-01,1887,Jan,Winter,GLB,-0.72
1887-02-01,1887,Feb,Winter,GLB,-0.57
1887-03-01,1887,Mar,Spring,GLB,-0.36
1887-04-01,1887,Apr,Spring,GLB,-0.35
1887-05-01,1887,May,Spring,GLB,-0.31
1887-06-01,1887,Jun,Summer,GLB,-0.24
1887-07-01,1887,Jul,Summer,GLB,-0.26
1887-08-01,1887,Aug,Summer,GLB,-0.35
1887-09-01,1887,Sep,Autumn,GLB,-0.26
1887-10-01,1887,Oct,Autumn,GLB,-0.35
1887-11-01,1887,Nov,Autumn,GLB,-0.26
1887-12-01,1887,Dec,Winter,GLB,-0.33
1888-01-01,1888,Jan,Winter,GLB,-0.34
1888-02-01,1888,Feb,Winter,GLB,-0.36
1888-03-01,1888,Mar,Spring,GLB,-0.41
1888-04-01,1888,Apr,Spring,GLB,-0.20
1888-05-01,1888,May,Spring,GLB,-0.22
1888-06-01,1888,Jun,Summer,GLB,-0.17
1888-07-01,1888,Jul,Summer,GLB,-0.10
1888-08-01,1888,Aug,Summer,GLB,-0.16
1888-09-01,1888,Sep,Autumn,GLB,-0.12
1888-10-01,1888,Oct,Autumn,GLB,0.01
1888-11-01,1888,Nov,Autumn,GLB,0.03
1888-12-01,1888,Dec,Winter,GLB,-0.04
1889-01-01,1889,Jan,Winter,GLB,-0.09
1889-02-01,1889,Feb,Winter,GLB,0.16
1889-03-01,1889,Mar,Spring,GLB,0.06
1889-04-01,1889,Apr,Spring,GLB,0.09
1889-05-01,1889,May,Spring,GLB,-0.01
1889-06-01,1889,Jun,Summer,GLB,-0.10
1889-07-01,1889,Jul,Summer,GLB,-0.08
1889-08-01,1889,Aug,Summer,GLB,-0.20
1889-09-01,1889,Sep,Autumn,GLB,-0.24
1889-10-01,1889,Oct,Autumn,GLB,-0.25
1889-11-01,1889,Nov,Autumn,GLB,-0.34
1889-12-01,1889,Dec,Winter,GLB,-0.29
1890-01-01,1890,Jan,Winter,GLB,-0.42
1890-02-01,1890,Feb,Winter,GLB,-0.45
1890-03-01,1890,Mar,Spring,GLB,-0.40
1890-04-01,1890,Apr,Spring,GLB,-0.30
1890-05-01,1890,May,Spring,GLB,-0.40
1890-06-01,1890,Jun,Summer,GLB,-0.25
1890-07-01,1890,Jul,Summer,GLB,-0.28
1890-08-01,1890,Aug,Summer,GLB,-0.39
1890-09-01,1890,Sep,Autumn,GLB,-0.37
1890-10-01,1890,Oct,Autumn,GLB,-0.25
1890-11-01,1890,Nov,Autumn,GLB,-0.43
1890-12-01,1890,Dec,Winter,GLB,-0.31
1891-01-01,1891,Jan,Winter,GLB,-0.34
1891-02-01,1891,Feb,Winter,GLB,-0.47
1891-03-01,1891,Mar,Spring,GLB,-0.18
1891-04-01,1891,Apr,Spring,GLB,-0.27
1891-05-01,1891,May,Spring,GLB,-0.16
1891-06-01,1891,Jun,Summer,GLB,-0.21
1891-07-01,1891,Jul,Summer,GLB,-0.18
1891-08-01,1891,Aug,Summer,GLB,-0.17
1891-09-01,1891,Sep,Autumn,GLB,-0.16
1891-10-01,1891,Oct,Autumn,GLB,-0.22
1891-11-01,1891,Nov,Autumn,GLB,-0.32
1891-12-01,1891,Dec,Winter,GLB,-0.04
1892-01-01,1892,Jan,Winter,GLB,-0.30
1892-02-01,1892,Feb,Winter,GLB,-0.11
1892-03-01,1892,Mar,Spring,GLB,-0.40
1892-04-01,1892,Apr,Spring,GLB,-0.34
1892-05-01,1892,May,Spring,GLB,-0.24
1892-06-01,1892,Jun,Summer,GLB,-0.22
1892-07-01,1892,Jul,Summer,GLB,-0.32
1892-08-01,1892,Aug,Summer,GLB,-0.27
1892-09-01,1892,Sep,Autumn,GLB,-0.17
1892-10-01,1892,Oct,Autumn,GLB,-0.14
1892-11-01,1892,Nov,Autumn,GLB,-0.42
1892-12-01,1892,Dec,Winter,GLB,-0.38
1893-01-01,1893,Jan,Winter,GLB,-0.82
1893-02-01,1893,Feb,Winter,GLB,-0.57
1893-03-01,1893,Mar,Spring,GLB,-0.23
1893-04-01,1893,Apr,Spring,GLB,-0.27
1893-05-01,1893,May,Spring,GLB,-0.34
1893-06-01,1893,Jun,Summer,GLB,-0.26
1893-07-01,1893,Jul,Summer,GLB,-0.14
1893-08-01,1893,Aug,Summer,GLB,-0.25
1893-09-01,1893,Sep,Autumn,GLB,-0.23
1893-10-01,1893,Oct,Autumn,GLB,-0.19
1893-11-01,1893,Nov,Autumn,GLB,-0.19
1893-12-01,1893,Dec,Winter,GLB,-0.34
1894-01-01,1894,Jan,Winter,GLB,-0.53
1894-02-01,1894,Feb,Winter,GLB,-0.31
1894-03-01,1894,Mar,Spring,GLB,-0.24
1894-04-01,1894,Apr,Spring,GLB,-0.46
1894-05-01,1894,May,Spring,GLB,-0.32
1894-06-01,1894,Jun,Summer,GLB,-0.41
1894-07-01,1894,Jul,Summer,GLB,-0.25
1894-08-01,1894,Aug,Summer,GLB,-0.25
1894-09-01,1894,Sep,Autumn,GLB,-0.29
1894-10-01,1894,Oct,Autumn,GLB,-0.24
1894-11-01,1894,Nov,Autumn,GLB,-0.27
1894-12-01,1894,Dec,Winter,GLB,-0.23
1895-01-01,1895,Jan,Winter,GLB,-0.43
1895-02-01,1895,Feb,Winter,GLB,-0.43
1895-03-01,1895,Mar,Spring,GLB,-0.34
1895-04-01,1895,Apr,Spring,GLB,-0.23
1895-05-01,1895,May,Spring,GLB,-0.28
1895-06-01,1895,Jun,Summer,GLB,-0.21
1895-07-01,1895,Jul,Summer,GLB,-0.18
1895-08-01,1895,Aug,Summer,GLB,-0.18
1895-09-01,1895,Sep,Autumn,GLB,-0.12
1895-10-01,1895,Oct,Autumn,GLB,-0.10
1895-11-01,1895,Nov,Autumn,GLB,-0.17
1895-12-01,1895,Dec,Winter,GLB,-0.14
1896-01-01,1896,Jan,Winter,GLB,-0.22
1896-02-01,1896,Feb,Winter,GLB,-0.12
1896-03-01,1896,Mar,Spring,GLB,-0.26
1896-04-01,1896,Apr,Spring,GLB,-0.30
1896-05-01,1896,May,Spring,GLB,-0.15
1896-06-01,1896,Jun,Summer,GLB,-0.10
1896-07-01,1896,Jul,Summer,GLB,-0.02
1896-08-01,1896,Aug,Summer,GLB,-0.05
1896-09-01,1896,Sep,Autumn,GLB,-0.07
1896-10-01,1896,Oct,Autumn,GLB,0.06
1896-11-01,1896,Nov,Autumn,GLB,-0.04
1896-12-01,1896,Dec,Winter,GLB,-0.04
1897-01-01,1897,Jan,Winter,GLB,-0.15
1897-02-01,1897,Feb,Winter,GLB,-0.17
1897-03-01,1897,Mar,Spring,GLB,-0.13
1897-04-01,1897,Apr,Spring,GLB,-0.02
1897-05-01,1897,May,Spring,GLB,-0.01
1897-06-01,1897,Jun,Summer,GLB,-0.11
1897-07-01,1897,Jul,Summer,GLB,-0.02
1897-08-01,1897,Aug,Summer,GLB,-0.09
1897-09-01,1897,Sep,Autumn,GLB,-0.08
1897-10-01,1897,Oct,Autumn,GLB,-0.12
1897-11-01,1897,Nov,Autumn,GLB,-0.17
1897-12-01,1897,Dec,Winter,GLB,-0.20
1898-01-01,1898,Jan,Winter,GLB,-0.02
1898-02-01,1898,Feb,Winter,GLB,-0.30
1898-03-01,1898,Mar,Spring,GLB,-0.51
1898-04-01,1898,Apr,Spring,GLB,-0.30
1898-05-01,1898,May,Spring,GLB,-0.30
1898-06-01,1898,Jun,Summer,GLB,-0.19
1898-07-01,1898,Jul,Summer,GLB,-0.23
1898-08-01,1898,Aug,Summer,GLB,-0.27
1898-09-01,1898,Sep,Autumn,GLB,-0.22
1898-10-01,1898,Oct,Autumn,GLB,-0.34
1898-11-01,1898,Nov,Autumn,GLB,-0.38
1898-12-01,1898,Dec,Winter,GLB,-0.23
1899-01-01,1899,Jan,Winter,GLB,-0.17
1899-02-01,1899,Feb,Winter,GLB,-0.39
1899-03-01,1899,Mar,Spring,GLB,-0.36
1899-04-01,1899,Apr,Spring,GLB,-0.21
1899-05-01,1899,May,Spring,GLB,-0.24
1899-06-01,1899,Jun,Summer,GLB,-0.32
1899-07-01,1899,Jul,Summer,GLB,-0.16
1899-08-01,1899,Aug,Summer,GLB,-0.08
1899-09-01,1899,Sep,Autumn,GLB,-0.05
1899-10-01,1899,Oct,Autumn,GLB,-0.04
1899-11-01,1899,Nov,Autumn,GLB,0.13
1899-12-01,1899,Dec,Winter,GLB,-0.26
1900-01-01,1900,Jan,Winter,GLB,-0.36
1900-02-01,1900,Feb,Winter,GLB,-0.05
1900-03-01,1900,Mar,Spring,GLB,0.01
1900-04-01,1900,Apr,Spring,GLB,-0.08
1900-05-01,1900,May,Spring,GLB,-0.08
1900-06-01,1900,Jun,Summer,GLB,-0.09
1900-07-01,1900,Jul,Summer,GLB,-0.12
1900-08-01,1900,Aug,Summer,GLB,-0.08
1900-09-01,1900,Sep,Autumn,GLB,-0.05
1900-10-01,1900,Oct,Autumn,GLB,0.10
1900-11-01,1900,Nov,Autumn,GLB,-0.06
1900-12-01,1900,Dec,Winter,GLB,-0.06
1901-01-01,1901,Jan,Winter,GLB,-0.21
1901-02-01,1901,Feb,Winter,GLB,-0.10
1901-03-01,1901,Mar,Spring,GLB,0.06
1901-04-01,1901,Apr,Spring,GLB,-0.03
1901-05-01,1901,May,Spring,GLB,-0.15
1901-06-01,1901,Jun,Summer,GLB,-0.11
1901-07-01,1901,Jul,Summer,GLB,-0.14
1901-08-01,1901,Aug,Summer,GLB,-0.20
1901-09-01,1901,Sep,Autumn,GLB,-0.22
1901-10-01,1901,Oct,Autumn,GLB,-0.29
1901-11-01,1901,Nov,Autumn,GLB,-0.17
1901-12-01,1901,Dec,Winter,GLB,-0.27
1902-01-01,1902,Jan,Winter,GLB,-0.18
1902-02-01,1902,Feb,Winter,GLB,-0.06
1902-03-01,1902,Mar,Spring,GLB,-0.27
1902-04-01,1902,Apr,Spring,GLB,-0.27
1902-05-01,1902,May,Spring,GLB,-0.31
1902-06-01,1902,Jun,Summer,GLB,-0.29
1902-07-01,1902,Jul,Summer,GLB,-0.27
1902-08-01,1902,Aug,Summer,GLB,-0.29
1902-09-01,1902,Sep,Autumn,GLB,-0.28
1902-10-01,1902,Oct,Autumn,GLB,-0.28
1902-11-01,1902,Nov,Autumn,GLB,-0.34
1902-12-01,1902,Dec,Winter,GLB,-0.41
1903-01-01,1903,Jan,Winter,GLB,-0.23
1903-02-01,1903,Feb,Winter,GLB,-0.05
1903-03-01,1903,Mar,Spring,GLB,-0.21
1903-04-01,1903,Apr,Spring,GLB,-0.40
1903-05-01,1903,May,Spring,GLB,-0.39
1903-06-01,1903,Jun,Summer,GLB,-0.41
1903-07-01,1903,Jul,Summer,GLB,-0.34
1903-08-01,1903,Aug,Summer,GLB,-0.45
1903-09-01,1903,Sep,Autumn,GLB,-0.49
1903-10-01,1903,Oct,Autumn,GLB,-0.47
1903-11-01,1903,Nov,Autumn,GLB,-0.42
1903-12-01,1903,Dec,Winter,GLB,-0.50
1904-01-01,1904,Jan,Winter,GLB,-0.63
1904-02-01,1904,Feb,Winter,GLB,-0.57
1904-03-01,1904,Mar,Spring,GLB,-0.47
1904-04-01,1904,Apr,Spring,GLB,-0.50
1904-05-01,1904,May,Spring,GLB,-0.51
1904-06-01,1904,Jun,Summer,GLB,-0.48
1904-07-01,1904,Jul,Summer,GLB,-0.51
1904-08-01,1904,Aug,Summer,GLB,-0.49
1904-09-01,1904,Sep,Autumn,GLB,-0.56
1904-10-01,1904,Oct,Autumn,GLB,-0.38
1904-11-01,1904,Nov,Autumn,GLB,-0.17
1904-12-01,1904,Dec,Winter,GLB,-0.33
1905-01-01,1905,Jan,Winter,GLB,-0.35
1905-02-01,1905,Feb,Winter,GLB,-0.59
1905-03-01,1905,Mar,Spring,GLB,-0.21
1905-04-01,1905,Apr,Spring,GLB,-0.33
1905-05-01,1905,May,Spring,GLB,-0.29
1905-06-01,1905,Jun,Summer,GLB,-0.27
1905-07-01,1905,Jul,Summer,GLB,-0.26
1905-08-01,1905,Aug,Summer,GLB,-0.20
1905-09-01,1905,Sep,Autumn,GLB,-0.19
1905-10-01,1905,Oct,Autumn,GLB,-0.24
1905-11-01,1905,Nov,Autumn,GLB,-0.06
1905-12-01,1905,Dec,Winter,GLB,-0.12
1906-01-01,1906,Jan,Winter,GLB,-0.28
1906-02-01,1906,Feb,Winter,GLB,-0.29
1906-03-01,1906,Mar,Spring,GLB,-0.18
1906-04-01,1906,Apr,Spring,GLB,-0.04
1906-05-01,1906,May,Spring,GLB,-0.25
1906-06-01,1906,Jun,Summer,GLB,-0.19
1906-07-01,1906,Jul,Summer,GLB,-0.22
1906-08-01,1906,Aug,Summer,GLB,-0.19
1906-09-01,1906,Sep,Autumn,GLB,-0.28
1906-10-01,1906,Oct,Autumn,GLB,-0.19
1906-11-01,1906,Nov,Autumn,GLB,-0.37
1906-12-01,1906,Dec,Winter,GLB,-0.14
1907-01-01,1907,Jan,Winter,GLB,-0.42
1907-02-01,1907,Feb,Winter,GLB,-0.51
1907-03-01,1907,Mar,Spring,GLB,-0.27
1907-04-01,1907,Apr,Spring,GLB,-0.36
1907-05-01,1907,May,Spring,GLB,-0.46
1907-06-01,1907,Jun,Summer,GLB,-0.41
1907-07-01,1907,Jul,Summer,GLB,-0.34
1907-08-01,1907,Aug,Summer,GLB,-0.33
1907-09-01,1907,Sep,Autumn,GLB,-0.34
1907-10-01,1907,Oct,Autumn,GLB,-0.22
1907-11-01,1907,Nov,Autumn,GLB,-0.46
1907-12-01,1907,Dec,Winter,GLB,-0.46
1908-01-01,1908,Jan,Winter,GLB,-0.44
1908-02-01,1908,Feb,Winter,GLB,-0.32
1908-03-01,1908,Mar,Spring,GLB,-0.55
1908-04-01,1908,Apr,Spring,GLB,-0.44
1908-05-01,1908,May,Spring,GLB,-0.37
1908-06-01,1908,Jun,Summer,GLB,-0.37
1908-07-01,1908,Jul,Summer,GLB,-0.35
1908-08-01,1908,Aug,Summer,GLB,-0.46
1908-09-01,1908,Sep,Autumn,GLB,-0.35
1908-10-01,1908,Oct,Autumn,GLB,-0.44
1908-11-01,1908,Nov,Autumn,GLB,-0.52
1908-12-01,1908,Dec,Winter,GLB,-0.48
1909-01-01,1909,Jan,Winter,GLB,-0.72
1909-02-01,1909,Feb,Winter,GLB,-0.46
1909-03-01,1909,Mar,Spring,GLB,-0.54
1909-04-01,1909,Apr,Spring,GLB,-0.58
1909-05-01,1909,May,Spring,GLB,-0.54
1909-06-01,1909,Jun,Summer,GLB,-0.52
1909-07-01,1909,Jul,Summer,GLB,-0.45
1909-08-01,1909,Aug,Summer,GLB,-0.33
1909-09-01,1909,Sep,Autumn,GLB,-0.38
1909-10-01,1909,Oct,Autumn,GLB,-0.39
1909-11-01,1909,Nov,Autumn,GLB,-0.31
1909-12-01,1909,Dec,Winter,GLB,-0.56
1910-01-01,1910,Jan,Winter,GLB,-0.42
1910-02-01,1910,Feb,Winter,GLB,-0.41
1910-03-01,1910,Mar,Spring,GLB,-0.50
1910-04-01,1910,Apr,Spring,GLB,-0.42
1910-05-01,1910,May,Spring,GLB,-0.33
1910-06-01,1910,Jun,Summer,GLB,-0.38
1910-07-01,1910,Jul,Summer,GLB,-0.34
1910-08-01,1910,Aug,Summer,GLB,-0.36
1910-09-01,1910,Sep,Autumn,GLB,-0.39
1910-10-01,1910,Oct,Autumn,GLB,-0.40
1910-11-01,1910,Nov,Autumn,GLB,-0.55
1910-12-01,1910,Dec,Winter,GLB,-0.67
1911-01-01,1911,Jan,Winter,GLB,-0.62
1911-02-01,1911,Feb,Winter,GLB,-0.57
1911-03-01,1911,Mar,Spring,GLB,-0.61
1911-04-01,1911,Apr,Spring,GLB,-0.53
1911-05-01,1911,May,Spring,GLB,-0.51
1911-06-01,1911,Jun,Summer,GLB,-0.50
1911-07-01,1911,Jul,Summer,GLB,-0.41
1911-08-01,1911,Aug,Summer,GLB,-0.44
1911-09-01,1911,Sep,Autumn,GLB,-0.41
1911-10-01,1911,Oct,Autumn,GLB,-0.26
1911-11-01,1911,Nov,Autumn,GLB,-0.21
1911-12-01,1911,Dec,Winter,GLB,-0.21
1912-01-01,1912,Jan,Winter,GLB,-0.25
1912-02-01,1912,Feb,Winter,GLB,-0.14
1912-03-01,1912,Mar,Spring,GLB,-0.37
1912-04-01,1912,Apr,Spring,GLB,-0.17
1912-05-01,1912,May,Spring,GLB,-0.21
1912-06-01,1912,Jun,Summer,GLB,-0.23
1912-07-01,1912,Jul,Summer,GLB,-0.42
1912-08-01,1912,Aug,Summer,GLB,-0.54
1912-09-01,1912,Sep,Autumn,GLB,-0.57
1912-10-01,1912,Oct,Autumn,GLB,-0.57
1912-11-01,1912,Nov,Autumn,GLB,-0.38
1912-12-01,1912,Dec,Winter,GLB,-0.43
1913-01-01,1913,Jan,Winter,GLB,-0.40
1913-02-01,1913,Feb,Winter,GLB,-0.44
1913-03-01,1913,Mar,Spring,GLB,-0.42
1913-04-01,1913,Apr,Spring,GLB,-0.39
1913-05-01,1913,May,Spring,GLB,-0.43
1913-06-01,1913,Jun,Summer,GLB,-0.44
1913-07-01,1913,Jul,Summer,GLB,-0.36
1913-08-01,1913,Aug,Summer,GLB,-0.33
1913-09-01,1913,Sep,Autumn,GLB,-0.34
1913-10-01,1913,Oct,Autumn,GLB,-0.32
1913-11-01,1913,Nov,Autumn,GLB,-0.19
1913-12-01,1913,Dec,Winter,GLB,-0.02
1914-01-01,1914,Jan,Winter,GLB,0.05
1914-02-01,1914,Feb,Winter,GLB,-0.09
1914-03-01,1914,Mar,Spring,GLB,-0.23
1914-04-01,1914,Apr,Spring,GLB,-0.29
1914-05-01,1914,May,Spring,GLB,-0.21
1914-06-01,1914,Jun,Summer,GLB,-0.25
1914-07-01,1914,Jul,Summer,GLB,-0.23
1914-08-01,1914,Aug,Summer,GLB,-0.16
1914-09-01,1914,Sep,Autumn,GLB,-0.16
1914-10-01,1914,Oct,Autumn,GLB,-0.03
1914-11-01,1914,Nov,Autumn,GLB,-0.15
1914-12-01,1914,Dec,Winter,GLB,-0.03
1915-01-01,1915,Jan,Winter,GLB,-0.20
1915-02-01,1915,Feb,Winter,GLB,-0.03
1915-03-01,1915,Mar,Spring,GLB,-0.09
1915-04-01,1915,Apr,Spring,GLB,0.07
1915-05-01,1915,May,Spring,GLB,-0.05
1915-06-01,1915,Jun,Summer,GLB,-0.21
1915-07-01,1915,Jul,Summer,GLB,-0.12
1915-08-01,1915,Aug,Summer,GLB,-0.22
1915-09-01,1915,Sep,Autumn,GLB,-0.20
1915-10-01,1915,Oct,Autumn,GLB,-0.24
1915-11-01,1915,Nov,Autumn,GLB,-0.12
1915-12-01,1915,Dec,Winter,GLB,-0.21
1916-01-01,1916,Jan,Winter,GLB,-0.12
1916-02-01,1916,Feb,Winter,GLB,-0.14
1916-03-01,1916,Mar,Spring,GLB,-0.27
1916-04-01,1916,Apr,Spring,GLB,-0.30
1916-05-01,1916,May,Spring,GLB,-0.34
1916-06-01,1916,Jun,Summer,GLB,-0.49
1916-07-01,1916,Jul,Summer,GLB,-0.36
1916-08-01,1916,Aug,Summer,GLB,-0.28
1916-09-01,1916,Sep,Autumn,GLB,-0.35
1916-10-01,1916,Oct,Autumn,GLB,-0.33
1916-11-01,1916,Nov,Autumn,GLB,-0.46
1916-12-01,1916,Dec,Winter,GLB,-0.81
1917-01-01,1917,Jan,Winter,GLB,-0.57
1917-02-01,1917,Feb,Winter,GLB,-0.62
1917-03-01,1917,Mar,Spring,GLB,-0.63
1917-04-01,1917,Apr,Spring,GLB,-0.54
1917-05-01,1917,May,Spring,GLB,-0.55
1917-06-01,1917,Jun,Summer,GLB,-0.43
1917-07-01,1917,Jul,Summer,GLB,-0.25
1917-08-01,1917,Aug,Summer,GLB,-0.22
1917-09-01,1917,Sep,Autumn,GLB,-0.22
1917-10-01,1917,Oct,Autumn,GLB,-0.44
1917-11-01,1917,Nov,Autumn,GLB,-0.33
1917-12-01,1917,Dec,Winter,GLB,-0.67
1918-01-01,1918,Jan,Winter,GLB,-0.47
1918-02-01,1918,Feb,Winter,GLB,-0.34
1918-03-01,1918,Mar,Spring,GLB,-0.24
1918-04-01,1918,Apr,Spring,GLB,-0.44
1918-05-01,1918,May,Spring,GLB,-0.42
1918-06-01,1918,Jun,Summer,GLB,-0.36
1918-07-01,1918,Jul,Summer,GLB,-0.31
1918-08-01,1918,Aug,Summer,GLB,-0.31
1918-09-01,1918,Sep,Autumn,GLB,-0.17
1918-10-01,1918,Oct,Autumn,GLB,-0.06
1918-11-01,1918,Nov,Autumn,GLB,-0.11
1918-12-01,1918,Dec,Winter,GLB,-0.29
1919-01-01,1919,Jan,Winter,GLB,-0.20
1919-02-01,1919,Feb,Winter,GLB,-0.23
1919-03-01,1919,Mar,Spring,GLB,-0.21
1919-04-01,1919,Apr,Spring,GLB,-0.12
1919-05-01,1919,May,Spring,GLB,-0.27
1919-06-01,1919,Jun,Summer,GLB,-0.35
1919-07-01,1919,Jul,Summer,GLB,-0.28
1919-08-01,1919,Aug,Summer,GLB,-0.32
1919-09-01,1919,Sep,Autumn,GLB,-0.25
1919-10-01,1919,Oct,Autumn,GLB,-0.20
1919-11-01,1919,Nov,Autumn,GLB,-0.41
1919-12-01,1919,Dec,Winter,GLB,-0.42
1920-01-01,1920,Jan,Winter,GLB,-0.24
1920-02-01,1920,Feb,Winter,GLB,-0.26
1920-03-01,1920,Mar,Spring,GLB,-0.12
1920-04-01,1920,Apr,Spring,GLB,-0.24
1920-05-01,1920,May,Spring,GLB,-0.26
1920-06-01,1920,Jun,Summer,GLB,-0.35
1920-07-01,1920,Jul,Summer,GLB,-0.30
1920-08-01,1920,Aug,Summer,GLB,-0.26
1920-09-01,1920,Sep,Autumn,GLB,-0.22
1920-10-01,1920,Oct,Autumn,GLB,-0.26
1920-11-01,1920,Nov,Autumn,GLB,-0.26
1920-12-01,1920,Dec,Winter,GLB,-0.46
1921-01-01,1921,Jan,Winter,GLB,-0.04
1921-02-01,1921,Feb,Winter,GLB,-0.17
1921-03-01,1921,Mar,Spring,GLB,-0.22
1921-04-01,1921,Apr,Spring,GLB,-0.29
1921-05-01,1921,May,Spring,GLB,-0.29
1921-06-01,1921,Jun,Summer,GLB,-0.27
1921-07-01,1921,Jul,Summer,GLB,-0.14
1921-08-01,1921,Aug,Summer,GLB,-0.26
1921-09-01,1921,Sep,Autumn,GLB,-0.19
1921-10-01,1921,Oct,Autumn,GLB,-0.03
1921-11-01,1921,Nov,Autumn,GLB,-0.13
1921-12-01,1921,Dec,Winter,GLB,-0.17
1922-01-01,1922,Jan,Winter,GLB,-0.32
1922-02-01,1922,Feb,Winter,GLB,-0.43
1922-03-01,1922,Mar,Spring,GLB,-0.14
1922-04-01,1922,Apr,Spring,GLB,-0.22
1922-05-01,1922,May,Spring,GLB,-0.33
1922-06-01,1922,Jun,Summer,GLB,-0.30
1922-07-01,1922,Jul,Summer,GLB,-0.27
1922-08-01,1922,Aug,Summer,GLB,-0.32
1922-09-01,1922,Sep,Autumn,GLB,-0.35
1922-10-01,1922,Oct,Autumn,GLB,-0.32
1922-11-01,1922,Nov,Autumn,GLB,-0.14
1922-12-01,1922,Dec,Winter,GLB,-0.18
1923-01-01,1923,Jan,Winter,GLB,-0.27
1923-02-01,1923,Feb,Winter,GLB,-0.38
1923-03-01,1923,Mar,Spring,GLB,-0.33
1923-04-01,1923,Apr,Spring,GLB,-0.40
1923-05-01,1923,May,Spring,GLB,-0.33
1923-06-01,1923,Jun,Summer,GLB,-0.28
1923-07-01,1923,Jul,Summer,GLB,-0.30
1923-08-01,1923,Aug,Summer,GLB,-0.32
1923-09-01,1923,Sep,Autumn,GLB,-0.31
1923-10-01,1923,Oct,Autumn,GLB,-0.13
1923-11-01,1923,Nov,Autumn,GLB,-0.02
1923-12-01,1923,Dec,Winter,GLB,-0.04
1924-01-01,1924,Jan,Winter,GLB,-0.23
1924-02-01,1924,Feb,Winter,GLB,-0.23
1924-03-01,1924,Mar,Spring,GLB,-0.08
1924-04-01,1924,Apr,Spring,GLB,-0.31
1924-05-01,1924,May,Spring,GLB,-0.18
1924-06-01,1924,Jun,Summer,GLB,-0.25
1924-07-01,1924,Jul,Summer,GLB,-0.28
1924-08-01,1924,Aug,Summer,GLB,-0.35
1924-09-01,1924,Sep,Autumn,GLB,-0.32
1924-10-01,1924,Oct,Autumn,GLB,-0.35
1924-11-01,1924,Nov,Autumn,GLB,-0.21
1924-12-01,1924,Dec,Winter,GLB,-0.42
1925-01-01,1925,Jan,Winter,GLB,-0.38
1925-02-01,1925,Feb,Winter,GLB,-0.39
1925-03-01,1925,Mar,Spring,GLB,-0.27
1925-04-01,1925,Apr,Spring,GLB,-0.25
1925-05-01,1925,May,Spring,GLB,-0.28
1925-06-01,1925,Jun,Summer,GLB,-0.32
1925-07-01,1925,Jul,Summer,GLB,-0.26
1925-08-01,1925,Aug,Summer,GLB,-0.19
1925-09-01,1925,Sep,Autumn,GLB,-0.19
1925-10-01,1925,Oct,Autumn,GLB,-0.16
1925-11-01,1925,Nov,Autumn,GLB,0.05
1925-12-01,1925,Dec,Winter,GLB,0.06
1926-01-01,1926,Jan,Winter,GLB,0.20
1926-02-01,1926,Feb,Winter,GLB,0.03
1926-03-01,1926,Mar,Spring,GLB,0.12
1926-04-01,1926,Apr,Spring,GLB,-0.12
1926-05-01,1926,May,Spring,GLB,-0.23
1926-06-01,1926,Jun,Summer,GLB,-0.26
1926-07-01,1926,Jul,Summer,GLB,-0.27
1926-08-01,1926,Aug,Summer,GLB,-0.13
1926-09-01,1926,Sep,Autumn,GLB,-0.15
1926-10-01,1926,Oct,Autumn,GLB,-0.11
1926-11-01,1926,Nov,Autumn,GLB,-0.06
1926-12-01,1926,Dec,Winter,GLB,-0.29
1927-01-01,1927,Jan,Winter,GLB,-0.27
1927-02-01,1927,Feb,Winter,GLB,-0.17
1927-03-01,1927,Mar,Spring,GLB,-0.38
1927-04-01,1927,Apr,Spring,GLB,-0.30
1927-05-01,1927,May,Spring,GLB,-0.25
1927-06-01,1927,Jun,Summer,GLB,-0.27
1927-07-01,1927,Jul,Summer,GLB,-0.18
1927-08-01,1927,Aug,Summer,GLB,-0.24
1927-09-01,1927,Sep,Autumn,GLB,-0.12
1927-10-01,1927,Oct,Autumn,GLB,-0.01
1927-11-01,1927,Nov,Autumn,GLB,-0.05
1927-12-01,1927,Dec,Winter,GLB,-0.33
1928-01-01,1928,Jan,Winter,GLB,-0.01
1928-02-01,1928,Feb,Winter,GLB,-0.08
1928-03-01,1928,Mar,Spring,GLB,-0.25
1928-04-01,1928,Apr,Spring,GLB,-0.27
1928-05-01,1928,May,Spring,GLB,-0.29
1928-06-01,1928,Jun,Summer,GLB,-0.38
1928-07-01,1928,Jul,Summer,GLB,-0.19
1928-08-01,1928,Aug,Summer,GLB,-0.22
1928-09-01,1928,Sep,Autumn,GLB,-0.21
1928-10-01,1928,Oct,Autumn,GLB,-0.18
1928-11-01,1928,Nov,Autumn,GLB,-0.08
1928-12-01,1928,Dec,Winter,GLB,-0.16
1929-01-01,1929,Jan,Winter,GLB,-0.45
1929-02-01,1929,Feb,Winter,GLB,-0.58
1929-03-01,1929,Mar,Spring,GLB,-0.32
1929-04-01,1929,Apr,Spring,GLB,-0.41
1929-05-01,1929,May,Spring,GLB,-0.38
1929-06-01,1929,Jun,Summer,GLB,-0.43
1929-07-01,1929,Jul,Summer,GLB,-0.36
1929-08-01,1929,Aug,Summer,GLB,-0.32
1929-09-01,1929,Sep,Autumn,GLB,-0.25
1929-10-01,1929,Oct,Autumn,GLB,-0.14
1929-11-01,1929,Nov,Autumn,GLB,-0.11
1929-12-01,1929,Dec,Winter,GLB,-0.54
1930-01-01,1930,Jan,Winter,GLB,-0.29
1930-02-01,1930,Feb,Winter,GLB,-0.26
1930-03-01,1930,Mar,Spring,GLB,-0.10
1930-04-01,1930,Apr,Spring,GLB,-0.24
1930-05-01,1930,May,Spring,GLB,-0.24
1930-06-01,1930,Jun,Summer,GLB,-0.21
1930-07-01,1930,Jul,Summer,GLB,-0.21
1930-08-01,1930,Aug,Summer,GLB,-0.15
1930-09-01,1930,Sep,Autumn,GLB,-0.15
1930-10-01,1930,Oct,Autumn,GLB,-0.12
1930-11-01,1930,Nov,Autumn,GLB,0.17
1930-12-01,1930,Dec,Winter,GLB,-0.05
1931-01-01,1931,Jan,Winter,GLB,-0.10
1931-02-01,1931,Feb,Winter,GLB,-0.21
1931-03-01,1931,Mar,Spring,GLB,-0.10
1931-04-01,1931,Apr,Spring,GLB,-0.22
1931-05-01,1931,May,Spring,GLB,-0.19
1931-06-01,1931,Jun,Summer,GLB,-0.08
1931-07-01,1931,Jul,Summer,GLB,-0.03
1931-08-01,1931,Aug,Summer,GLB,-0.04
1931-09-01,1931,Sep,Autumn,GLB,-0.07
1931-10-01,1931,Oct,Autumn,GLB,0.05
1931-11-01,1931,Nov,Autumn,GLB,-0.06
1931-12-01,1931,Dec,Winter,GLB,-0.05
1932-01-01,1932,Jan,Winter,GLB,0.15
1932-02-01,1932,Feb,Winter,GLB,-0.17
1932-03-01,1932,Mar,Spring,GLB,-0.17
1932-04-01,1932,Apr,Spring,GLB,-0.05
1932-05-01,1932,May,Spring,GLB,-0.17
1932-06-01,1932,Jun,Summer,GLB,-0.28
1932-07-01,1932,Jul,Summer,GLB,-0.24
1932-08-01,1932,Aug,Summer,GLB,-0.22
1932-09-01,1932,Sep,Autumn,GLB,-0.11
1932-10-01,1932,Oct,Autumn,GLB,-0.09
1932-11-01,1932,Nov,Autumn,GLB,-0.27
1932-12-01,1932,Dec,Winter,GLB,-0.25
1933-01-01,1933,Jan,Winter,GLB,-0.23
1933-02-01,1933,Feb,Winter,GLB,-0.29
1933-03-01,1933,Mar,Spring,GLB,-0.29
1933-04-01,1933,Apr,Spring,GLB,-0.23
1933-05-01,1933,May,Spring,GLB,-0.28
1933-06-01,1933,Jun,Summer,GLB,-0.34
1933-07-01,1933,Jul,Summer,GLB,-0.21
1933-08-01,1933,Aug,Summer,GLB,-0.23
1933-09-01,1933,Sep,Autumn,GLB,-0.29
1933-10-01,1933,Oct,Autumn,GLB,-0.25
1933-11-01,1933,Nov,Autumn,GLB,-0.30
1933-12-01,1933,Dec,Winter,GLB,-0.44
1934-01-01,1934,Jan,Winter,GLB,-0.21
1934-02-01,1934,Feb,Winter,GLB,-0.02
1934-03-01,1934,Mar,Spring,GLB,-0.29
1934-04-01,1934,Apr,Spring,GLB,-0.30
1934-05-01,1934,May,Spring,GLB,-0.09
1934-06-01,1934,Jun,Summer,GLB,-0.15
1934-07-01,1934,Jul,Summer,GLB,-0.10
1934-08-01,1934,Aug,Summer,GLB,-0.12
1934-09-01,1934,Sep,Autumn,GLB,-0.15
1934-10-01,1934,Oct,Autumn,GLB,-0.06
1934-11-01,1934,Nov,Autumn,GLB,0.04
1934-12-01,1934,Dec,Winter,GLB,-0.02
1935-01-01,1935,Jan,Winter,GLB,-0.33
1935-02-01,1935,Feb,Winter,GLB,0.15
1935-03-01,1935,Mar,Spring,GLB,-0.14
1935-04-01,1935,Apr,Spring,GLB,-0.36
1935-05-01,1935,May,Spring,GLB,-0.28
1935-06-01,1935,Jun,Summer,GLB,-0.26
1935-07-01,1935,Jul,Summer,GLB,-0.21
1935-08-01,1935,Aug,Summer,GLB,-0.21
1935-09-01,1935,Sep,Autumn,GLB,-0.21
1935-10-01,1935,Oct,Autumn,GLB,-0.05
1935-11-01,1935,Nov,Autumn,GLB,-0.25
1935-12-01,1935,Dec,Winter,GLB,-0.16
1936-01-01,1936,Jan,Winter,GLB,-0.27
1936-02-01,1936,Feb,Winter,GLB,-0.37
1936-03-01,1936,Mar,Spring,GLB,-0.20
1936-04-01,1936,Apr,Spring,GLB,-0.19
1936-05-01,1936,May,Spring,GLB,-0.16
1936-06-01,1936,Jun,Summer,GLB,-0.21
1936-07-01,1936,Jul,Summer,GLB,-0.09
1936-08-01,1936,Aug,Summer,GLB,-0.13
1936-09-01,1936,Sep,Autumn,GLB,-0.09
1936-10-01,1936,Oct,Autumn,GLB,-0.02
1936-11-01,1936,Nov,Autumn,GLB,0.02
1936-12-01,1936,Dec,Winter,GLB,0.00
1937-01-01,1937,Jan,Winter,GLB,-0.07
1937-02-01,1937,Feb,Winter,GLB,0.03
1937-03-01,1937,Mar,Spring,GLB,-0.20
1937-04-01,1937,Apr,Spring,GLB,-0.15
1937-05-01,1937,May,Spring,GLB,-0.05
1937-06-01,1937,Jun,Summer,GLB,-0.05
1937-07-01,1937,Jul,Summer,GLB,-0.03
1937-08-01,1937,Aug,Summer,GLB,0.02
1937-09-01,1937,Sep,Autumn,GLB,0.09
1937-10-01,1937,Oct,Autumn,GLB,0.09
1937-11-01,1937,Nov,Autumn,GLB,0.09
1937-12-01,1937,Dec,Winter,GLB,-0.07
1938-01-01,1938,Jan,Winter,GLB,0.09
1938-02-01,1938,Feb,Winter,GLB,0.04
1938-03-01,1938,Mar,Spring,GLB,0.10
1938-04-01,1938,Apr,Spring,GLB,0.06
1938-05-01,1938,May,Spring,GLB,-0.09
1938-06-01,1938,Jun,Summer,GLB,-0.16
1938-07-01,1938,Jul,Summer,GLB,-0.09
1938-08-01,1938,Aug,Summer,GLB,-0.05
1938-09-01,1938,Sep,Autumn,GLB,0.01
1938-10-01,1938,Oct,Autumn,GLB,0.15
1938-11-01,1938,Nov,Autumn,GLB,0.09
1938-12-01,1938,Dec,Winter,GLB,-0.12
1939-01-01,1939,Jan,Winter,GLB,-0.04
1939-02-01,1939,Feb,Winter,GLB,-0.06
1939-03-01,1939,Mar,Spring,GLB,-0.17
1939-04-01,1939,Apr,Spring,GLB,-0.09
1939-05-01,1939,May,Spring,GLB,-0.04
1939-06-01,1939,Jun,Summer,GLB,-0.07
1939-07-01,1939,Jul,Summer,GLB,-0.05
1939-08-01,1939,Aug,Summer,GLB,-0.06
1939-09-01,1939,Sep,Autumn,GLB,-0.07
1939-10-01,1939,Oct,Autumn,GLB,-0.03
1939-11-01,1939,Nov,Autumn,GLB,0.07
1939-12-01,1939,Dec,Winter,GLB,0.44
1940-01-01,1940,Jan,Winter,GLB,0.00
1940-02-01,1940,Feb,Winter,GLB,0.08
1940-03-01,1940,Mar,Spring,GLB,0.09
1940-04-01,1940,Apr,Spring,GLB,0.18
1940-05-01,1940,May,Spring,GLB,0.11
1940-06-01,1940,Jun,Summer,GLB,0.12
1940-07-01,1940,Jul,Summer,GLB,0.13
1940-08-01,1940,Aug,Summer,GLB,0.07
1940-09-01,1940,Sep,Autumn,GLB,0.15
1940-10-01,1940,Oct,Autumn,GLB,0.12
1940-11-01,1940,Nov,Autumn,GLB,0.17
1940-12-01,1940,Dec,Winter,GLB,0.32
1941-01-01,1941,Jan,Winter,GLB,0.18
1941-02-01,1941,Feb,Winter,GLB,0.31
1941-03-01,1941,Mar,Spring,GLB,0.10
1941-04-01,1941,Apr,Spring,GLB,0.17
1941-05-01,1941,May,Spring,GLB,0.17
1941-06-01,1941,Jun,Summer,GLB,0.13
1941-07-01,1941,Jul,Summer,GLB,0.22
1941-08-01,1941,Aug,Summer,GLB,0.15
1941-09-01,1941,Sep,Autumn,GLB,0.02
1941-10-01,1941,Oct,Autumn,GLB,0.35
1941-11-01,1941,Nov,Autumn,GLB,0.23
1941-12-01,1941,Dec,Winter,GLB,0.22
1942-01-01,1942,Jan,Winter,GLB,0.30
1942-02-01,1942,Feb,Winter,GLB,0.03
1942-03-01,1942,Mar,Spring,GLB,0.05
1942-04-01,1942,Apr,Spring,GLB,0.10
1942-05-01,1942,May,Spring,GLB,0.11
1942-06-01,1942,Jun,Summer,GLB,0.05
1942-07-01,1942,Jul,Summer,GLB,0.01
1942-08-01,1942,Aug,Summer,GLB,-0.03
1942-09-01,1942,Sep,Autumn,GLB,-0.03
1942-10-01,1942,Oct,Autumn,GLB,0.02
1942-11-01,1942,Nov,Autumn,GLB,0.10
1942-12-01,1942,Dec,Winter,GLB,0.13
1943-01-01,1943,Jan,Winter,GLB,-0.01
1943-02-01,1943,Feb,Winter,GLB,0.18
1943-03-01,1943,Mar,Spring,GLB,-0.03
1943-04-01,1943,Apr,Spring,GLB,0.11
1943-05-01,1943,May,Spring,GLB,0.07
1943-06-01,1943,Jun,Summer,GLB,-0.05
1943-07-01,1943,Jul,Summer,GLB,0.09
1943-08-01,1943,Aug,Summer,GLB,0.01
1943-09-01,1943,Sep,Autumn,GLB,0.05
1943-10-01,1943,Oct,Autumn,GLB,0.23
1943-11-01,1943,Nov,Autumn,GLB,0.20
1943-12-01,1943,Dec,Winter,GLB,0.24
1944-01-01,1944,Jan,Winter,GLB,0.36
1944-02-01,1944,Feb,Winter,GLB,0.25
1944-03-01,1944,Mar,Spring,GLB,0.26
1944-04-01,1944,Apr,Spring,GLB,0.20
1944-05-01,1944,May,Spring,GLB,0.20
1944-06-01,1944,Jun,Summer,GLB,0.16
1944-07-01,1944,Jul,Summer,GLB,0.18
1944-08-01,1944,Aug,Summer,GLB,0.18
1944-09-01,1944,Sep,Autumn,GLB,0.28
1944-10-01,1944,Oct,Autumn,GLB,0.27
1944-11-01,1944,Nov,Autumn,GLB,0.11
1944-12-01,1944,Dec,Winter,GLB,0.04
1945-01-01,1945,Jan,Winter,GLB,0.10
1945-02-01,1945,Feb,Winter,GLB,0.01
1945-03-01,1945,Mar,Spring,GLB,0.06
1945-04-01,1945,Apr,Spring,GLB,0.20
1945-05-01,1945,May,Spring,GLB,0.06
1945-06-01,1945,Jun,Summer,GLB,0.01
1945-07-01,1945,Jul,Summer,GLB,0.04
1945-08-01,1945,Aug,Summer,GLB,0.26
1945-09-01,1945,Sep,Autumn,GLB,0.20
1945-10-01,1945,Oct,Autumn,GLB,0.19
1945-11-01,1945,Nov,Autumn,GLB,0.07
1945-12-01,1945,Dec,Winter,GLB,-0.07
1946-01-01,1946,Jan,Winter,GLB,0.15
1946-02-01,1946,Feb,Winter,GLB,0.03
1946-03-01,1946,Mar,Spring,GLB,0.02
1946-04-01,1946,Apr,Spring,GLB,0.06
1946-05-01,1946,May,Spring,GLB,-0.07
1946-06-01,1946,Jun,Summer,GLB,-0.21
1946-07-01,1946,Jul,Summer,GLB,-0.12
1946-08-01,1946,Aug,Summer,GLB,-0.20
1946-09-01,1946,Sep,Autumn,GLB,-0.07
1946-10-01,1946,Oct,Autumn,GLB,-0.07
1946-11-01,1946,Nov,Autumn,GLB,-0.05
1946-12-01,1946,Dec,Winter,GLB,-0.30
1947-01-01,1947,Jan,Winter,GLB,-0.06
1947-02-01,1947,Feb,Winter,GLB,-0.07
1947-03-01,1947,Mar,Spring,GLB,0.07
1947-04-01,1947,Apr,Spring,GLB,0.06
1947-05-01,1947,May,Spring,GLB,-0.01
1947-06-01,1947,Jun,Summer,GLB,-0.01
1947-07-01,1947,Jul,Summer,GLB,-0.04
1947-08-01,1947,Aug,Summer,GLB,-0.07
1947-09-01,1947,Sep,Autumn,GLB,-0.12
1947-10-01,1947,Oct,Autumn,GLB,0.08
1947-11-01,1947,Nov,Autumn,GLB,0.03
1947-12-01,1947,Dec,Winter,GLB,-0.13
1948-01-01,1948,Jan,Winter,GLB,0.07
1948-02-01,1948,Feb,Winter,GLB,-0.14
1948-03-01,1948,Mar,Spring,GLB,-0.24
1948-04-01,1948,Apr,Spring,GLB,-0.12
1948-05-01,1948,May,Spring,GLB,-0.01
1948-06-01,1948,Jun,Summer,GLB,-0.05
1948-07-01,1948,Jul,Summer,GLB,-0.11
1948-08-01,1948,Aug,Summer,GLB,-0.11
1948-09-01,1948,Sep,Autumn,GLB,-0.14
1948-10-01,1948,Oct,Autumn,GLB,-0.05
1948-11-01,1948,Nov,Autumn,GLB,-0.12
1948-12-01,1948,Dec,Winter,GLB,-0.23
1949-01-01,1949,Jan,Winter,GLB,0.07
1949-02-01,1949,Feb,Winter,GLB,-0.14
1949-03-01,1949,Mar,Spring,GLB,-0.02
1949-04-01,1949,Apr,Spring,GLB,-0.11
1949-05-01,1949,May,Spring,GLB,-0.10
1949-06-01,1949,Jun,Summer,GLB,-0.27
1949-07-01,1949,Jul,Summer,GLB,-0.13
1949-08-01,1949,Aug,Summer,GLB,-0.13
1949-09-01,1949,Sep,Autumn,GLB,-0.14
1949-10-01,1949,Oct,Autumn,GLB,-0.06
1949-11-01,1949,Nov,Autumn,GLB,-0.10
1949-12-01,1949,Dec,Winter,GLB,-0.18
1950-01-01,1950,Jan,Winter,GLB,-0.26
1950-02-01,1950,Feb,Winter,GLB,-0.27
1950-03-01,1950,Mar,Spring,GLB,-0.07
1950-04-01,1950,Apr,Spring,GLB,-0.21
1950-05-01,1950,May,Spring,GLB,-0.11
1950-06-01,1950,Jun,Summer,GLB,-0.05
1950-07-01,1950,Jul,Summer,GLB,-0.08
1950-08-01,1950,Aug,Summer,GLB,-0.16
1950-09-01,1950,Sep,Autumn,GLB,-0.11
1950-10-01,1950,Oct,Autumn,GLB,-0.20
1950-11-01,1950,Nov,Autumn,GLB,-0.34
1950-12-01,1950,Dec,Winter,GLB,-0.21
1951-01-01,1951,Jan,Winter,GLB,-0.34
1951-02-01,1951,Feb,Winter,GLB,-0.41
1951-03-01,1951,Mar,Spring,GLB,-0.20
1951-04-01,1951,Apr,Spring,GLB,-0.14
1951-05-01,1951,May,Spring,GLB,0.00
1951-06-01,1951,Jun,Summer,GLB,-0.06
1951-07-01,1951,Jul,Summer,GLB,-0.01
1951-08-01,1951,Aug,Summer,GLB,0.06
1951-09-01,1951,Sep,Autumn,GLB,0.05
1951-10-01,1951,Oct,Autumn,GLB,0.08
1951-11-01,1951,Nov,Autumn,GLB,-0.01
1951-12-01,1951,Dec,Winter,GLB,0.16
1952-01-01,1952,Jan,Winter,GLB,0.11
1952-02-01,1952,Feb,Winter,GLB,0.11
1952-03-01,1952,Mar,Spring,GLB,-0.08
1952-04-01,1952,Apr,Spring,GLB,0.03
1952-05-01,1952,May,Spring,GLB,-0.03
1952-06-01,1952,Jun,Summer,GLB,-0.03
1952-07-01,1952,Jul,Summer,GLB,0.04
1952-08-01,1952,Aug,Summer,GLB,0.05
1952-09-01,1952,Sep,Autumn,GLB,0.07
1952-10-01,1952,Oct,Autumn,GLB,0.00
1952-11-01,1952,Nov,Autumn,GLB,-0.13
1952-12-01,1952,Dec,Winter,GLB,-0.02
1953-01-01,1953,Jan,Winter,GLB,0.07
1953-02-01,1953,Feb,Winter,GLB,0.15
1953-03-01,1953,Mar,Spring,GLB,0.11
1953-04-01,1953,Apr,Spring,GLB,0.19
1953-05-01,1953,May,Spring,GLB,0.11
1953-06-01,1953,Jun,Summer,GLB,0.12
1953-07-01,1953,Jul,Summer,GLB,0.01
1953-08-01,1953,Aug,Summer,GLB,0.05
1953-09-01,1953,Sep,Autumn,GLB,0.04
1953-10-01,1953,Oct,Autumn,GLB,0.08
1953-11-01,1953,Nov,Autumn,GLB,-0.03
1953-12-01,1953,Dec,Winter,GLB,0.05
1954-01-01,1954,Jan,Winter,GLB,-0.24
1954-02-01,1954,Feb,Winter,GLB,-0.10
1954-03-01,1954,Mar,Spring,GLB,-0.14
1954-04-01,1954,Apr,Spring,GLB,-0.14
1954-05-01,1954,May,Spring,GLB,-0.20
1954-06-01,1954,Jun,Summer,GLB,-0.18
1954-07-01,1954,Jul,Summer,GLB,-0.19
1954-08-01,1954,Aug,Summer,GLB,-0.17
1954-09-01,1954,Sep,Autumn,GLB,-0.10
1954-10-01,1954,Oct,Autumn,GLB,-0.02
1954-11-01,1954,Nov,Autumn,GLB,0.08
1954-12-01,1954,Dec,Winter,GLB,-0.18
1955-01-01,1955,Jan,Winter,GLB,0.13
1955-02-01,1955,Feb,Winter,GLB,-0.16
1955-03-01,1955,Mar,Spring,GLB,-0.32
1955-04-01,1955,Apr,Spring,GLB,-0.22
1955-05-01,1955,May,Spring,GLB,-0.20
1955-06-01,1955,Jun,Summer,GLB,-0.14
1955-07-01,1955,Jul,Summer,GLB,-0.11
1955-08-01,1955,Aug,Summer,GLB,0.02
1955-09-01,1955,Sep,Autumn,GLB,-0.11
1955-10-01,1955,Oct,Autumn,GLB,-0.05
1955-11-01,1955,Nov,Autumn,GLB,-0.25
1955-12-01,1955,Dec,Winter,GLB,-0.28
1956-01-01,1956,Jan,Winter,GLB,-0.13
1956-02-01,1956,Feb,Winter,GLB,-0.24
1956-03-01,1956,Mar,Spring,GLB,-0.21
1956-04-01,1956,Apr,Spring,GLB,-0.28
1956-05-01,1956,May,Spring,GLB,-0.29
1956-06-01,1956,Jun,Summer,GLB,-0.16
1956-07-01,1956,Jul,Summer,GLB,-0.09
1956-08-01,1956,Aug,Summer,GLB,-0.26
1956-09-01,1956,Sep,Autumn,GLB,-0.19
1956-10-01,1956,Oct,Autumn,GLB,-0.23
1956-11-01,1956,Nov,Autumn,GLB,-0.15
1956-12-01,1956,Dec,Winter,GLB,-0.06
1957-01-01,1957,Jan,Winter,GLB,-0.09
1957-02-01,1957,Feb,Winter,GLB,-0.03
1957-03-01,1957,Mar,Spring,GLB,-0.05
1957-04-01,1957,Apr,Spring,GLB,0.00
1957-05-01,1957,May,Spring,GLB,0.09
1957-06-01,1957,Jun,Summer,GLB,0.16
1957-07-01,1957,Jul,Summer,GLB,0.02
1957-08-01,1957,Aug,Summer,GLB,0.15
1957-09-01,1957,Sep,Autumn,GLB,0.09
1957-10-01,1957,Oct,Autumn,GLB,0.01
1957-11-01,1957,Nov,Autumn,GLB,0.08
1957-12-01,1957,Dec,Winter,GLB,0.15
1958-01-01,1958,Jan,Winter,GLB,0.39
1958-02-01,1958,Feb,Winter,GLB,0.22
1958-03-01,1958,Mar,Spring,GLB,0.08
1958-04-01,1958,Apr,Spring,GLB,0.01
1958-05-01,1958,May,Spring,GLB,0.06
1958-06-01,1958,Jun,Summer,GLB,-0.08
1958-07-01,1958,Jul,Summer,GLB,0.05
1958-08-01,1958,Aug,Summer,GLB,-0.05
1958-09-01,1958,Sep,Autumn,GLB,-0.02
1958-10-01,1958,Oct,Autumn,GLB,0.04
1958-11-01,1958,Nov,Autumn,GLB,0.02
1958-12-01,1958,Dec,Winter,GLB,0.01
1959-01-01,1959,Jan,Winter,GLB,0.08
1959-02-01,1959,Feb,Winter,GLB,0.07
1959-03-01,1959,Mar,Spring,GLB,0.18
1959-04-01,1959,Apr,Spring,GLB,0.16
1959-05-01,1959,May,Spring,GLB,0.04
1959-06-01,1959,Jun,Summer,GLB,0.03
1959-07-01,1959,Jul,Summer,GLB,0.03
1959-08-01,1959,Aug,Summer,GLB,-0.01
1959-09-01,1959,Sep,Autumn,GLB,-0.06
1959-10-01,1959,Oct,Autumn,GLB,-0.07
1959-11-01,1959,Nov,Autumn,GLB,-0.08
1959-12-01,1959,Dec,Winter,GLB,-0.01
1960-01-01,1960,Jan,Winter,GLB,0.00
1960-02-01,1960,Feb,Winter,GLB,0.13
1960-03-01,1960,Mar,Spring,GLB,-0.35
1960-04-01,1960,Apr,Spring,GLB,-0.15
1960-05-01,1960,May,Spring,GLB,-0.08
1960-06-01,1960,Jun,Summer,GLB,-0.04
1960-07-01,1960,Jul,Summer,GLB,-0.04
1960-08-01,1960,Aug,Summer,GLB,0.02
1960-09-01,1960,Sep,Autumn,GLB,0.07
1960-10-01,1960,Oct,Autumn,GLB,0.06
1960-11-01,1960,Nov,Autumn,GLB,-0.11
1960-12-01,1960,Dec,Winter,GLB,0.19
1961-01-01,1961,Jan,Winter,GLB,0.07
1961-02-01,1961,Feb,Winter,GLB,0.19
1961-03-01,1961,Mar,Spring,GLB,0.09
1961-04-01,1961,Apr,Spring,GLB,0.13
1961-05-01,1961,May,Spring,GLB,0.12
1961-06-01,1961,Jun,Summer,GLB,0.11
1961-07-01,1961,Jul,Summer,GLB,0.01
1961-08-01,1961,Aug,Summer,GLB,0.01
1961-09-01,1961,Sep,Autumn,GLB,0.09
1961-10-01,1961,Oct,Autumn,GLB,0.00
1961-11-01,1961,Nov,Autumn,GLB,0.03
1961-12-01,1961,Dec,Winter,GLB,-0.16
1962-01-01,1962,Jan,Winter,GLB,0.05
1962-02-01,1962,Feb,Winter,GLB,0.15
1962-03-01,1962,Mar,Spring,GLB,0.10
1962-04-01,1962,Apr,Spring,GLB,0.05
1962-05-01,1962,May,Spring,GLB,-0.06
1962-06-01,1962,Jun,Summer,GLB,0.03
1962-07-01,1962,Jul,Summer,GLB,0.02
1962-08-01,1962,Aug,Summer,GLB,-0.01
1962-09-01,1962,Sep,Autumn,GLB,0.00
1962-10-01,1962,Oct,Autumn,GLB,0.01
1962-11-01,1962,Nov,Autumn,GLB,0.06
1962-12-01,1962,Dec,Winter,GLB,-0.03
1963-01-01,1963,Jan,Winter,GLB,-0.03
1963-02-01,1963,Feb,Winter,GLB,0.18
1963-03-01,1963,Mar,Spring,GLB,-0.14
1963-04-01,1963,Apr,Spring,GLB,-0.07
1963-05-01,1963,May,Spring,GLB,-0.06
1963-06-01,1963,Jun,Summer,GLB,0.05
1963-07-01,1963,Jul,Summer,GLB,0.06
1963-08-01,1963,Aug,Summer,GLB,0.22
1963-09-01,1963,Sep,Autumn,GLB,0.18
1963-10-01,1963,Oct,Autumn,GLB,0.15
1963-11-01,1963,Nov,Autumn,GLB,0.15
1963-12-01,1963,Dec,Winter,GLB,-0.03
1964-01-01,1964,Jan,Winter,GLB,-0.09
1964-02-01,1964,Feb,Winter,GLB,-0.10
1964-03-01,1964,Mar,Spring,GLB,-0.21
1964-04-01,1964,Apr,Spring,GLB,-0.32
1964-05-01,1964,May,Spring,GLB,-0.25
1964-06-01,1964,Jun,Summer,GLB,-0.04
1964-07-01,1964,Jul,Summer,GLB,-0.04
1964-08-01,1964,Aug,Summer,GLB,-0.22
1964-09-01,1964,Sep,Autumn,GLB,-0.29
1964-10-01,1964,Oct,Autumn,GLB,-0.31
1964-11-01,1964,Nov,Autumn,GLB,-0.21
1964-12-01,1964,Dec,Winter,GLB,-0.30
1965-01-01,1965,Jan,Winter,GLB,-0.08
1965-02-01,1965,Feb,Winter,GLB,-0.17
1965-03-01,1965,Mar,Spring,GLB,-0.13
1965-04-01,1965,Apr,Spring,GLB,-0.19
1965-05-01,1965,May,Spring,GLB,-0.12
1965-06-01,1965,Jun,Summer,GLB,-0.08
1965-07-01,1965,Jul,Summer,GLB,-0.13
1965-08-01,1965,Aug,Summer,GLB,-0.04
1965-09-01,1965,Sep,Autumn,GLB,-0.15
1965-10-01,1965,Oct,Autumn,GLB,-0.05
1965-11-01,1965,Nov,Autumn,GLB,-0.06
1965-12-01,1965,Dec,Winter,GLB,-0.08
1966-01-01,1966,Jan,Winter,GLB,-0.19
1966-02-01,1966,Feb,Winter,GLB,-0.04
1966-03-01,1966,Mar,Spring,GLB,0.03
1966-04-01,1966,Apr,Spring,GLB,-0.13
1966-05-01,1966,May,Spring,GLB,-0.12
1966-06-01,1966,Jun,Summer,GLB,0.01
1966-07-01,1966,Jul,Summer,GLB,0.08
1966-08-01,1966,Aug,Summer,GLB,-0.09
1966-09-01,1966,Sep,Autumn,GLB,-0.03
1966-10-01,1966,Oct,Autumn,GLB,-0.17
1966-11-01,1966,Nov,Autumn,GLB,-0.01
1966-12-01,1966,Dec,Winter,GLB,-0.03
1967-01-01,1967,Jan,Winter,GLB,-0.07
1967-02-01,1967,Feb,Winter,GLB,-0.21
1967-03-01,1967,Mar,Spring,GLB,0.05
1967-04-01,1967,Apr,Spring,GLB,-0.05
1967-05-01,1967,May,Spring,GLB,0.12
1967-06-01,1967,Jun,Summer,GLB,-0.08
1967-07-01,1967,Jul,Summer,GLB,0.02
1967-08-01,1967,Aug,Summer,GLB,0.01
1967-09-01,1967,Sep,Autumn,GLB,-0.06
1967-10-01,1967,Oct,Autumn,GLB,0.09
1967-11-01,1967,Nov,Autumn,GLB,-0.05
1967-12-01,1967,Dec,Winter,GLB,-0.05
1968-01-01,1968,Jan,Winter,GLB,-0.26
1968-02-01,1968,Feb,Winter,GLB,-0.14
1968-03-01,1968,Mar,Spring,GLB,0.20
1968-04-01,1968,Apr,Spring,GLB,-0.06
1968-05-01,1968,May,Spring,GLB,-0.14
1968-06-01,1968,Jun,Summer,GLB,-0.09
1968-07-01,1968,Jul,Summer,GLB,-0.13
1968-08-01,1968,Aug,Summer,GLB,-0.09
1968-09-01,1968,Sep,Autumn,GLB,-0.19
1968-10-01,1968,Oct,Autumn,GLB,0.09
1968-11-01,1968,Nov,Autumn,GLB,-0.05
1968-12-01,1968,Dec,Winter,GLB,-0.14
1969-01-01,1969,Jan,Winter,GLB,-0.11
1969-02-01,1969,Feb,Winter,GLB,-0.18
1969-03-01,1969,Mar,Spring,GLB,0.01
1969-04-01,1969,Apr,Spring,GLB,0.17
1969-05-01,1969,May,Spring,GLB,0.18
1969-06-01,1969,Jun,Summer,GLB,0.03
1969-07-01,1969,Jul,Summer,GLB,-0.04
1969-08-01,1969,Aug,Summer,GLB,0.03
1969-09-01,1969,Sep,Autumn,GLB,0.08
1969-10-01,1969,Oct,Autumn,GLB,0.09
1969-11-01,1969,Nov,Autumn,GLB,0.12
1969-12-01,1969,Dec,Winter,GLB,0.24
1970-01-01,1970,Jan,Winter,GLB,0.08
1970-02-01,1970,Feb,Winter,GLB,0.22
1970-03-01,1970,Mar,Spring,GLB,0.06
1970-04-01,1970,Apr,Spring,GLB,0.05
1970-05-01,1970,May,Spring,GLB,-0.03
1970-06-01,1970,Jun,Summer,GLB,-0.03
1970-07-01,1970,Jul,Summer,GLB,0.01
1970-08-01,1970,Aug,Summer,GLB,-0.10
1970-09-01,1970,Sep,Autumn,GLB,0.12
1970-10-01,1970,Oct,Autumn,GLB,0.03
1970-11-01,1970,Nov,Autumn,GLB,0.02
1970-12-01,1970,Dec,Winter,GLB,-0.12
1971-01-01,1971,Jan,Winter,GLB,-0.02
1971-02-01,1971,Feb,Winter,GLB,-0.15
1971-03-01,1971,Mar,Spring,GLB,-0.18
1971-04-01,1971,Apr,Spring,GLB,-0.07
1971-05-01,1971,May,Spring,GLB,-0.05
1971-06-01,1971,Jun,Summer,GLB,-0.16
1971-07-01,1971,Jul,Summer,GLB,-0.08
1971-08-01,1971,Aug,Summer,GLB,-0.01
1971-09-01,1971,Sep,Autumn,GLB,-0.06
1971-10-01,1971,Oct,Autumn,GLB,-0.04
1971-11-01,1971,Nov,Autumn,GLB,-0.07
1971-12-01,1971,Dec,Winter,GLB,-0.08
1972-01-01,1972,Jan,Winter,GLB,-0.22
1972-02-01,1972,Feb,Winter,GLB,-0.18
1972-03-01,1972,Mar,Spring,GLB,0.02
1972-04-01,1972,Apr,Spring,GLB,0.00
1972-05-01,1972,May,Spring,GLB,-0.03
1972-06-01,1972,Jun,Summer,GLB,0.04
1972-07-01,1972,Jul,Summer,GLB,0.01
1972-08-01,1972,Aug,Summer,GLB,0.16
1972-09-01,1972,Sep,Autumn,GLB,0.02
1972-10-01,1972,Oct,Autumn,GLB,0.08
1972-11-01,1972,Nov,Autumn,GLB,0.02
1972-12-01,1972,Dec,Winter,GLB,0.18
1973-01-01,1973,Jan,Winter,GLB,0.29
1973-02-01,1973,Feb,Winter,GLB,0.32
1973-03-01,1973,Mar,Spring,GLB,0.29
1973-04-01,1973,Apr,Spring,GLB,0.27
1973-05-01,1973,May,Spring,GLB,0.23
1973-06-01,1973,Jun,Summer,GLB,0.19
1973-07-01,1973,Jul,Summer,GLB,0.13
1973-08-01,1973,Aug,Summer,GLB,0.05
1973-09-01,1973,Sep,Autumn,GLB,0.09
1973-10-01,1973,Oct,Autumn,GLB,0.10
1973-11-01,1973,Nov,Autumn,GLB,0.05
1973-12-01,1973,Dec,Winter,GLB,-0.07
1974-01-01,1974,Jan,Winter,GLB,-0.10
1974-02-01,1974,Feb,Winter,GLB,-0.27
1974-03-01,1974,Mar,Spring,GLB,-0.05
1974-04-01,1974,Apr,Spring,GLB,-0.12
1974-05-01,1974,May,Spring,GLB,-0.04
1974-06-01,1974,Jun,Summer,GLB,-0.05
1974-07-01,1974,Jul,Summer,GLB,-0.03
1974-08-01,1974,Aug,Summer,GLB,0.10
1974-09-01,1974,Sep,Autumn,GLB,-0.08
1974-10-01,1974,Oct,Autumn,GLB,-0.06
1974-11-01,1974,Nov,Autumn,GLB,-0.08
1974-12-01,1974,Dec,Winter,GLB,-0.08
1975-01-01,1975,Jan,Winter,GLB,0.10
1975-02-01,1975,Feb,Winter,GLB,0.08
1975-03-01,1975,Mar,Spring,GLB,0.12
1975-04-01,1975,Apr,Spring,GLB,0.04
1975-05-01,1975,May,Spring,GLB,0.16
1975-06-01,1975,Jun,Summer,GLB,-0.01
1975-07-01,1975,Jul,Summer,GLB,-0.01
1975-08-01,1975,Aug,Summer,GLB,-0.17
1975-09-01,1975,Sep,Autumn,GLB,-0.03
1975-10-01,1975,Oct,Autumn,GLB,-0.11
1975-11-01,1975,Nov,Autumn,GLB,-0.17
1975-12-01,1975,Dec,Winter,GLB,-0.17
1976-01-01,1976,Jan,Winter,GLB,-0.03
1976-02-01,1976,Feb,Winter,GLB,-0.06
1976-03-01,1976,Mar,Spring,GLB,-0.22
1976-04-01,1976,Apr,Spring,GLB,-0.07
1976-05-01,1976,May,Spring,GLB,-0.21
1976-06-01,1976,Jun,Summer,GLB,-0.12
1976-07-01,1976,Jul,Summer,GLB,-0.10
1976-08-01,1976,Aug,Summer,GLB,-0.12
1976-09-01,1976,Sep,Autumn,GLB,-0.07
1976-10-01,1976,Oct,Autumn,GLB,-0.24
1976-11-01,1976,Nov,Autumn,GLB,-0.06
1976-12-01,1976,Dec,Winter,GLB,0.11
1977-01-01,1977,Jan,Winter,GLB,0.18
1977-02-01,1977,Feb,Winter,GLB,0.23
1977-03-01,1977,Mar,Spring,GLB,0.24
1977-04-01,1977,Apr,Spring,GLB,0.26
1977-05-01,1977,May,Spring,GLB,0.33
1977-06-01,1977,Jun,Summer,GLB,0.27
1977-07-01,1977,Jul,Summer,GLB,0.20
1977-08-01,1977,Aug,Summer,GLB,0.18
1977-09-01,1977,Sep,Autumn,GLB,0.02
1977-10-01,1977,Oct,Autumn,GLB,0.03
1977-11-01,1977,Nov,Autumn,GLB,0.16
1977-12-01,1977,Dec,Winter,GLB,0.03
1978-01-01,1978,Jan,Winter,GLB,0.06
1978-02-01,1978,Feb,Winter,GLB,0.10
1978-03-01,1978,Mar,Spring,GLB,0.19
1978-04-01,1978,Apr,Spring,GLB,0.17
1978-05-01,1978,May,Spring,GLB,0.09
1978-06-01,1978,Jun,Summer,GLB,-0.01
1978-07-01,1978,Jul,Summer,GLB,0.04
1978-08-01,1978,Aug,Summer,GLB,-0.13
1978-09-01,1978,Sep,Autumn,GLB,0.06
1978-10-01,1978,Oct,Autumn,GLB,0.03
1978-11-01,1978,Nov,Autumn,GLB,0.14
1978-12-01,1978,Dec,Winter,GLB,0.08
1979-01-01,1979,Jan,Winter,GLB,0.08
1979-02-01,1979,Feb,Winter,GLB,-0.10
1979-03-01,1979,Mar,Spring,GLB,0.19
1979-04-01,1979,Apr,Spring,GLB,0.15
1979-05-01,1979,May,Spring,GLB,0.04
1979-06-01,1979,Jun,Summer,GLB,0.14
1979-07-01,1979,Jul,Summer,GLB,0.04
1979-08-01,1979,Aug,Summer,GLB,0.17
1979-09-01,1979,Sep,Autumn,GLB,0.25
1979-10-01,1979,Oct,Autumn,GLB,0.26
1979-11-01,1979,Nov,Autumn,GLB,0.28
1979-12-01,1979,Dec,Winter,GLB,0.48
1980-01-01,1980,Jan,Winter,GLB,0.30
1980-02-01,1980,Feb,Winter,GLB,0.39
1980-03-01,1980,Mar,Spring,GLB,0.30
1980-04-01,1980,Apr,Spring,GLB,0.30
1980-05-01,1980,May,Spring,GLB,0.35
1980-06-01,1980,Jun,Summer,GLB,0.20
1980-07-01,1980,Jul,Summer,GLB,0.22
1980-08-01,1980,Aug,Summer,GLB,0.18
1980-09-01,1980,Sep,Autumn,GLB,0.20
1980-10-01,1980,Oct,Autumn,GLB,0.13
1980-11-01,1980,Nov,Autumn,GLB,0.29
1980-12-01,1980,Dec,Winter,GLB,0.21
1981-01-01,1981,Jan,Winter,GLB,0.53
1981-02-01,1981,Feb,Winter,GLB,0.42
1981-03-01,1981,Mar,Spring,GLB,0.48
1981-04-01,1981,Apr,Spring,GLB,0.32
1981-05-01,1981,May,Spring,GLB,0.24
1981-06-01,1981,Jun,Summer,GLB,0.29
1981-07-01,1981,Jul,Summer,GLB,0.32
1981-08-01,1981,Aug,Summer,GLB,0.35
1981-09-01,1981,Sep,Autumn,GLB,0.15
1981-10-01,1981,Oct,Autumn,GLB,0.12
1981-11-01,1981,Nov,Autumn,GLB,0.23
1981-12-01,1981,Dec,Winter,GLB,0.41
1982-01-01,1982,Jan,Winter,GLB,0.05
1982-02-01,1982,Feb,Winter,GLB,0.15
1982-03-01,1982,Mar,Spring,GLB,0.03
1982-04-01,1982,Apr,Spring,GLB,0.15
1982-05-01,1982,May,Spring,GLB,0.18
1982-06-01,1982,Jun,Summer,GLB,0.05
1982-07-01,1982,Jul,Summer,GLB,0.14
1982-08-01,1982,Aug,Summer,GLB,0.04
1982-09-01,1982,Sep,Autumn,GLB,0.14
1982-10-01,1982,Oct,Autumn,GLB,0.13
1982-11-01,1982,Nov,Autumn,GLB,0.18
1982-12-01,1982,Dec,Winter,GLB,0.42
1983-01-01,1983,Jan,Winter,GLB,0.53
1983-02-01,1983,Feb,Winter,GLB,0.43
1983-03-01,1983,Mar,Spring,GLB,0.41
1983-04-01,1983,Apr,Spring,GLB,0.27
1983-05-01,1983,May,Spring,GLB,0.34
1983-06-01,1983,Jun,Summer,GLB,0.22
1983-07-01,1983,Jul,Summer,GLB,0.18
1983-08-01,1983,Aug,Summer,GLB,0.35
1983-09-01,1983,Sep,Autumn,GLB,0.37
1983-10-01,1983,Oct,Autumn,GLB,0.17
1983-11-01,1983,Nov,Autumn,GLB,0.30
1983-12-01,1983,Dec,Winter,GLB,0.17
1984-01-01,1984,Jan,Winter,GLB,0.31
1984-02-01,1984,Feb,Winter,GLB,0.14
1984-03-01,1984,Mar,Spring,GLB,0.26
1984-04-01,1984,Apr,Spring,GLB,0.06
1984-05-01,1984,May,Spring,GLB,0.33
1984-06-01,1984,Jun,Summer,GLB,0.02
1984-07-01,1984,Jul,Summer,GLB,0.19
1984-08-01,1984,Aug,Summer,GLB,0.19
1984-09-01,1984,Sep,Autumn,GLB,0.21
1984-10-01,1984,Oct,Autumn,GLB,0.14
1984-11-01,1984,Nov,Autumn,GLB,0.07
1984-12-01,1984,Dec,Winter,GLB,-0.04
1985-01-01,1985,Jan,Winter,GLB,0.22
1985-02-01,1985,Feb,Winter,GLB,-0.04
1985-03-01,1985,Mar,Spring,GLB,0.17
1985-04-01,1985,Apr,Spring,GLB,0.12
1985-05-01,1985,May,Spring,GLB,0.14
1985-06-01,1985,Jun,Summer,GLB,0.15
1985-07-01,1985,Jul,Summer,GLB,0.04
1985-08-01,1985,Aug,Summer,GLB,0.17
1985-09-01,1985,Sep,Autumn,GLB,0.13
1985-10-01,1985,Oct,Autumn,GLB,0.11
1985-11-01,1985,Nov,Autumn,GLB,0.05
1985-12-01,1985,Dec,Winter,GLB,0.14
1986-01-01,1986,Jan,Winter,GLB,0.26
1986-02-01,1986,Feb,Winter,GLB,0.37
1986-03-01,1986,Mar,Spring,GLB,0.30
1986-04-01,1986,Apr,Spring,GLB,0.22
1986-05-01,1986,May,Spring,GLB,0.21
1986-06-01,1986,Jun,Summer,GLB,0.12
1986-07-01,1986,Jul,Summer,GLB,0.11
1986-08-01,1986,Aug,Summer,GLB,0.16
1986-09-01,1986,Sep,Autumn,GLB,0.03
1986-10-01,1986,Oct,Autumn,GLB,0.15
1986-11-01,1986,Nov,Autumn,GLB,0.10
1986-12-01,1986,Dec,Winter,GLB,0.13
1987-01-01,1987,Jan,Winter,GLB,0.32
1987-02-01,1987,Feb,Winter,GLB,0.43
1987-03-01,1987,Mar,Spring,GLB,0.18
1987-04-01,1987,Apr,Spring,GLB,0.24
1987-05-01,1987,May,Spring,GLB,0.25
1987-06-01,1987,Jun,Summer,GLB,0.35
1987-07-01,1987,Jul,Summer,GLB,0.40
1987-08-01,1987,Aug,Summer,GLB,0.25
1987-09-01,1987,Sep,Autumn,GLB,0.35
1987-10-01,1987,Oct,Autumn,GLB,0.33
1987-11-01,1987,Nov,Autumn,GLB,0.29
1987-12-01,1987,Dec,Winter,GLB,0.46
1988-01-01,1988,Jan,Winter,GLB,0.57
1988-02-01,1988,Feb,Winter,GLB,0.44
1988-03-01,1988,Mar,Spring,GLB,0.51
1988-04-01,1988,Apr,Spring,GLB,0.43
1988-05-01,1988,May,Spring,GLB,0.44
1988-06-01,1988,Jun,Summer,GLB,0.40
1988-07-01,1988,Jul,Summer,GLB,0.33
1988-08-01,1988,Aug,Summer,GLB,0.39
1988-09-01,1988,Sep,Autumn,GLB,0.37
1988-10-01,1988,Oct,Autumn,GLB,0.38
1988-11-01,1988,Nov,Autumn,GLB,0.12
1988-12-01,1988,Dec,Winter,GLB,0.29
1989-01-01,1989,Jan,Winter,GLB,0.13
1989-02-01,1989,Feb,Winter,GLB,0.30
1989-03-01,1989,Mar,Spring,GLB,0.36
1989-04-01,1989,Apr,Spring,GLB,0.29
1989-05-01,1989,May,Spring,GLB,0.17
1989-06-01,1989,Jun,Summer,GLB,0.15
1989-07-01,1989,Jul,Summer,GLB,0.34
1989-08-01,1989,Aug,Summer,GLB,0.33
1989-09-01,1989,Sep,Autumn,GLB,0.34
1989-10-01,1989,Oct,Autumn,GLB,0.29
1989-11-01,1989,Nov,Autumn,GLB,0.20
1989-12-01,1989,Dec,Winter,GLB,0.37
1990-01-01,1990,Jan,Winter,GLB,0.41
1990-02-01,1990,Feb,Winter,GLB,0.44
1990-03-01,1990,Mar,Spring,GLB,0.80
1990-04-01,1990,Apr,Spring,GLB,0.56
1990-05-01,1990,May,Spring,GLB,0.45
1990-06-01,1990,Jun,Summer,GLB,0.37
1990-07-01,1990,Jul,Summer,GLB,0.45
1990-08-01,1990,Aug,Summer,GLB,0.34
1990-09-01,1990,Sep,Autumn,GLB,0.23
1990-10-01,1990,Oct,Autumn,GLB,0.45
1990-11-01,1990,Nov,Autumn,GLB,0.46
1990-12-01,1990,Dec,Winter,GLB,0.41
1991-01-01,1991,Jan,Winter,GLB,0.42
1991-02-01,1991,Feb,Winter,GLB,0.50
1991-03-01,1991,Mar,Spring,GLB,0.35
1991-04-01,1991,Apr,Spring,GLB,0.51
1991-05-01,1991,May,Spring,GLB,0.34
1991-06-01,1991,Jun,Summer,GLB,0.53
1991-07-01,1991,Jul,Summer,GLB,0.47
1991-08-01,1991,Aug,Summer,GLB,0.39
1991-09-01,1991,Sep,Autumn,GLB,0.44
1991-10-01,1991,Oct,Autumn,GLB,0.29
1991-11-01,1991,Nov,Autumn,GLB,0.30
1991-12-01,1991,Dec,Winter,GLB,0.32
1992-01-01,1992,Jan,Winter,GLB,0.47
1992-02-01,1992,Feb,Winter,GLB,0.40
1992-03-01,1992,Mar,Spring,GLB,0.48
1992-04-01,1992,Apr,Spring,GLB,0.27
1992-05-01,1992,May,Spring,GLB,0.31
1992-06-01,1992,Jun,Summer,GLB,0.26
1992-07-01,1992,Jul,Summer,GLB,0.08
1992-08-01,1992,Aug,Summer,GLB,0.08
1992-09-01,1992,Sep,Autumn,GLB,-0.01
1992-10-01,1992,Oct,Autumn,GLB,0.06
1992-11-01,1992,Nov,Autumn,GLB,0.03
1992-12-01,1992,Dec,Winter,GLB,0.22
1993-01-01,1993,Jan,Winter,GLB,0.34
1993-02-01,1993,Feb,Winter,GLB,0.37
1993-03-01,1993,Mar,Spring,GLB,0.36
1993-04-01,1993,Apr,Spring,GLB,0.28
1993-05-01,1993,May,Spring,GLB,0.28
1993-06-01,1993,Jun,Summer,GLB,0.23
1993-07-01,1993,Jul,Summer,GLB,0.25
1993-08-01,1993,Aug,Summer,GLB,0.11
1993-09-01,1993,Sep,Autumn,GLB,0.12
1993-10-01,1993,Oct,Autumn,GLB,0.23
1993-11-01,1993,Nov,Autumn,GLB,0.03
1993-12-01,1993,Dec,Winter,GLB,0.18
1994-01-01,1994,Jan,Winter,GLB,0.26
1994-02-01,1994,Feb,Winter,GLB,0.03
1994-03-01,1994,Mar,Spring,GLB,0.29
1994-04-01,1994,Apr,Spring,GLB,0.41
1994-05-01,1994,May,Spring,GLB,0.28
1994-06-01,1994,Jun,Summer,GLB,0.44
1994-07-01,1994,Jul,Summer,GLB,0.30
1994-08-01,1994,Aug,Summer,GLB,0.21
1994-09-01,1994,Sep,Autumn,GLB,0.32
1994-10-01,1994,Oct,Autumn,GLB,0.42
1994-11-01,1994,Nov,Autumn,GLB,0.44
1994-12-01,1994,Dec,Winter,GLB,0.38
1995-01-01,1995,Jan,Winter,GLB,0.52
1995-02-01,1995,Feb,Winter,GLB,0.79
1995-03-01,1995,Mar,Spring,GLB,0.47
1995-04-01,1995,Apr,Spring,GLB,0.47
1995-05-01,1995,May,Spring,GLB,0.27
1995-06-01,1995,Jun,Summer,GLB,0.43
1995-07-01,1995,Jul,Summer,GLB,0.45
1995-08-01,1995,Aug,Summer,GLB,0.45
1995-09-01,1995,Sep,Autumn,GLB,0.34
1995-10-01,1995,Oct,Autumn,GLB,0.47
1995-11-01,1995,Nov,Autumn,GLB,0.44
1995-12-01,1995,Dec,Winter,GLB,0.26
1996-01-01,1996,Jan,Winter,GLB,0.24
1996-02-01,1996,Feb,Winter,GLB,0.46
1996-03-01,1996,Mar,Spring,GLB,0.33
1996-04-01,1996,Apr,Spring,GLB,0.33
1996-05-01,1996,May,Spring,GLB,0.27
1996-06-01,1996,Jun,Summer,GLB,0.29
1996-07-01,1996,Jul,Summer,GLB,0.37
1996-08-01,1996,Aug,Summer,GLB,0.48
1996-09-01,1996,Sep,Autumn,GLB,0.25
1996-10-01,1996,Oct,Autumn,GLB,0.20
1996-11-01,1996,Nov,Autumn,GLB,0.38
1996-12-01,1996,Dec,Winter,GLB,0.37
1997-01-01,1997,Jan,Winter,GLB,0.31
1997-02-01,1997,Feb,Winter,GLB,0.41
1997-03-01,1997,Mar,Spring,GLB,0.52
1997-04-01,1997,Apr,Spring,GLB,0.33
1997-05-01,1997,May,Spring,GLB,0.34
1997-06-01,1997,Jun,Summer,GLB,0.54
1997-07-01,1997,Jul,Summer,GLB,0.34
1997-08-01,1997,Aug,Summer,GLB,0.41
1997-09-01,1997,Sep,Autumn,GLB,0.52
1997-10-01,1997,Oct,Autumn,GLB,0.61
1997-11-01,1997,Nov,Autumn,GLB,0.64
1997-12-01,1997,Dec,Winter,GLB,0.59
1998-01-01,1998,Jan,Winter,GLB,0.58
1998-02-01,1998,Feb,Winter,GLB,0.88
1998-03-01,1998,Mar,Spring,GLB,0.63
1998-04-01,1998,Apr,Spring,GLB,0.63
1998-05-01,1998,May,Spring,GLB,0.68
1998-06-01,1998,Jun,Summer,GLB,0.77
1998-07-01,1998,Jul,Summer,GLB,0.65
1998-08-01,1998,Aug,Summer,GLB,0.65
1998-09-01,1998,Sep,Autumn,GLB,0.42
1998-10-01,1998,Oct,Autumn,GLB,0.41
1998-11-01,1998,Nov,Autumn,GLB,0.43
1998-12-01,1998,Dec,Winter,GLB,0.55
1999-01-01,1999,Jan,Winter,GLB,0.48
1999-02-01,1999,Feb,Winter,GLB,0.64
1999-03-01,1999,Mar,Spring,GLB,0.32
1999-04-01,1999,Apr,Spring,GLB,0.32
1999-05-01,1999,May,Spring,GLB,0.26
1999-06-01,1999,Jun,Summer,GLB,0.36
1999-07-01,1999,Jul,Summer,GLB,0.38
1999-08-01,1999,Aug,Summer,GLB,0.31
1999-09-01,1999,Sep,Autumn,GLB,0.39
1999-10-01,1999,Oct,Autumn,GLB,0.34
1999-11-01,1999,Nov,Autumn,GLB,0.37
1999-12-01,1999,Dec,Winter,GLB,0.41
2000-01-01,2000,Jan,Winter,GLB,0.25
2000-02-01,2000,Feb,Winter,GLB,0.56
2000-03-01,2000,Mar,Spring,GLB,0.55
2000-04-01,2000,Apr,Spring,GLB,0.57
2000-05-01,2000,May,Spring,GLB,0.36
2000-06-01,2000,Jun,Summer,GLB,0.40
2000-07-01,2000,Jul,Summer,GLB,0.39
2000-08-01,2000,Aug,Summer,GLB,0.42
2000-09-01,2000,Sep,Autumn,GLB,0.39
2000-10-01,2000,Oct,Autumn,GLB,0.26
2000-11-01,2000,Nov,Autumn,GLB,0.30
2000-12-01,2000,Dec,Winter,GLB,0.28
2001-01-01,2001,Jan,Winter,GLB,0.45
2001-02-01,2001,Feb,Winter,GLB,0.44
2001-03-01,2001,Mar,Spring,GLB,0.55
2001-04-01,2001,Apr,Spring,GLB,0.50
2001-05-01,2001,May,Spring,GLB,0.58
2001-06-01,2001,Jun,Summer,GLB,0.52
2001-07-01,2001,Jul,Summer,GLB,0.59
2001-08-01,2001,Aug,Summer,GLB,0.49
2001-09-01,2001,Sep,Autumn,GLB,0.52
2001-10-01,2001,Oct,Autumn,GLB,0.50
2001-11-01,2001,Nov,Autumn,GLB,0.72
2001-12-01,2001,Dec,Winter,GLB,0.56
2002-01-01,2002,Jan,Winter,GLB,0.77
2002-02-01,2002,Feb,Winter,GLB,0.78
2002-03-01,2002,Mar,Spring,GLB,0.88
2002-04-01,2002,Apr,Spring,GLB,0.58
2002-05-01,2002,May,Spring,GLB,0.64
2002-06-01,2002,Jun,Summer,GLB,0.53
2002-07-01,2002,Jul,Summer,GLB,0.61
2002-08-01,2002,Aug,Summer,GLB,0.53
2002-09-01,2002,Sep,Autumn,GLB,0.63
2002-10-01,2002,Oct,Autumn,GLB,0.54
2002-11-01,2002,Nov,Autumn,GLB,0.59
2002-12-01,2002,Dec,Winter,GLB,0.44
2003-01-01,2003,Jan,Winter,GLB,0.75
2003-02-01,2003,Feb,Winter,GLB,0.58
2003-03-01,2003,Mar,Spring,GLB,0.60
2003-04-01,2003,Apr,Spring,GLB,0.55
2003-05-01,2003,May,Spring,GLB,0.61
2003-06-01,2003,Jun,Summer,GLB,0.48
2003-07-01,2003,Jul,Summer,GLB,0.58
2003-08-01,2003,Aug,Summer,GLB,0.64
2003-09-01,2003,Sep,Autumn,GLB,0.62
2003-10-01,2003,Oct,Autumn,GLB,0.72
2003-11-01,2003,Nov,Autumn,GLB,0.53
2003-12-01,2003,Dec,Winter,GLB,0.75
2004-01-01,2004,Jan,Winter,GLB,0.58
2004-02-01,2004,Feb,Winter,GLB,0.72
2004-03-01,2004,Mar,Spring,GLB,0.63
2004-04-01,2004,Apr,Spring,GLB,0.61
2004-05-01,2004,May,Spring,GLB,0.37
2004-06-01,2004,Jun,Summer,GLB,0.44
2004-07-01,2004,Jul,Summer,GLB,0.26
2004-08-01,2004,Aug,Summer,GLB,0.45
2004-09-01,2004,Sep,Autumn,GLB,0.50
2004-10-01,2004,Oct,Autumn,GLB,0.60
2004-11-01,2004,Nov,Autumn,GLB,0.72
2004-12-01,2004,Dec,Winter,GLB,0.51
2005-01-01,2005,Jan,Winter,GLB,0.74
2005-02-01,2005,Feb,Winter,GLB,0.60
2005-03-01,2005,Mar,Spring,GLB,0.74
2005-04-01,2005,Apr,Spring,GLB,0.67
2005-05-01,2005,May,Spring,GLB,0.63
2005-06-01,2005,Jun,Summer,GLB,0.65
2005-07-01,2005,Jul,Summer,GLB,0.61
2005-08-01,2005,Aug,Summer,GLB,0.60
2005-09-01,2005,Sep,Autumn,GLB,0.71
2005-10-01,2005,Oct,Autumn,GLB,0.75
2005-11-01,2005,Nov,Autumn,GLB,0.74
2005-12-01,2005,Dec,Winter,GLB,0.68
2006-01-01,2006,Jan,Winter,GLB,0.56
2006-02-01,2006,Feb,Winter,GLB,0.73
2006-03-01,2006,Mar,Spring,GLB,0.63
2006-04-01,2006,Apr,Spring,GLB,0.47
2006-05-01,2006,May,Spring,GLB,0.48
2006-06-01,2006,Jun,Summer,GLB,0.66
2006-07-01,2006,Jul,Summer,GLB,0.54
2006-08-01,2006,Aug,Summer,GLB,0.71
2006-09-01,2006,Sep,Autumn,GLB,0.65
2006-10-01,2006,Oct,Autumn,GLB,0.69
2006-11-01,2006,Nov,Autumn,GLB,0.74
2006-12-01,2006,Dec,Winter,GLB,0.79
2007-01-01,2007,Jan,Winter,GLB,1.02
2007-02-01,2007,Feb,Winter,GLB,0.70
2007-03-01,2007,Mar,Spring,GLB,0.73
2007-04-01,2007,Apr,Spring,GLB,0.76
2007-05-01,2007,May,Spring,GLB,0.69
2007-06-01,2007,Jun,Summer,GLB,0.61
2007-07-01,2007,Jul,Summer,GLB,0.60
2007-08-01,2007,Aug,Summer,GLB,0.60
2007-09-01,2007,Sep,Autumn,GLB,0.60
2007-10-01,2007,Oct,Autumn,GLB,0.58
2007-11-01,2007,Nov,Autumn,GLB,0.59
2007-12-01,2007,Dec,Winter,GLB,0.49
2008-01-01,2008,Jan,Winter,GLB,0.30
2008-02-01,2008,Feb,Winter,GLB,0.38
2008-03-01,2008,Mar,Spring,GLB,0.74
2008-04-01,2008,Apr,Spring,GLB,0.53
2008-05-01,2008,May,Spring,GLB,0.49
2008-06-01,2008,Jun,Summer,GLB,0.49
2008-07-01,2008,Jul,Summer,GLB,0.60
2008-08-01,2008,Aug,Summer,GLB,0.46
2008-09-01,2008,Sep,Autumn,GLB,0.61
2008-10-01,2008,Oct,Autumn,GLB,0.67
2008-11-01,2008,Nov,Autumn,GLB,0.68
2008-12-01,2008,Dec,Winter,GLB,0.54
2009-01-01,2009,Jan,Winter,GLB,0.64
2009-02-01,2009,Feb,Winter,GLB,0.53
2009-03-01,2009,Mar,Spring,GLB,0.54
2009-04-01,2009,Apr,Spring,GLB,0.61
2009-05-01,2009,May,Spring,GLB,0.65
2009-06-01,2009,Jun,Summer,GLB,0.64
2009-07-01,2009,Jul,Summer,GLB,0.73
2009-08-01,2009,Aug,Summer,GLB,0.68
2009-09-01,2009,Sep,Autumn,GLB,0.72
2009-10-01,2009,Oct,Autumn,GLB,0.65
2009-11-01,2009,Nov,Autumn,GLB,0.79
2009-12-01,2009,Dec,Winter,GLB,0.67
2010-01-01,2010,Jan,Winter,GLB,0.75
2010-02-01,2010,Feb,Winter,GLB,0.83
2010-03-01,2010,Mar,Spring,GLB,0.92
2010-04-01,2010,Apr,Spring,GLB,0.84
2010-05-01,2010,May,Spring,GLB,0.75
2010-06-01,2010,Jun,Summer,GLB,0.68
2010-07-01,2010,Jul,Summer,GLB,0.62
2010-08-01,2010,Aug,Summer,GLB,0.67
2010-09-01,2010,Sep,Autumn,GLB,0.63
2010-10-01,2010,Oct,Autumn,GLB,0.70
2010-11-01,2010,Nov,Autumn,GLB,0.81
2010-12-01,2010,Dec,Winter,GLB,0.45
2011-01-01,2011,Jan,Winter,GLB,0.52
2011-02-01,2011,Feb,Winter,GLB,0.48
2011-03-01,2011,Mar,Spring,GLB,0.65
2011-04-01,2011,Apr,Spring,GLB,0.65
2011-05-01,2011,May,Spring,GLB,0.53
2011-06-01,2011,Jun,Summer,GLB,0.62
2011-07-01,2011,Jul,Summer,GLB,0.70
2011-08-01,2011,Aug,Summer,GLB,0.74
2011-09-01,2011,Sep,Autumn,GLB,0.56
2011-10-01,2011,Oct,Autumn,GLB,0.66
2011-11-01,2011,Nov,Autumn,GLB,0.59
2011-12-01,2011,Dec,Winter,GLB,0.61
2012-01-01,2012,Jan,Winter,GLB,0.49
2012-02-01,2012,Feb,Winter,GLB,0.49
2012-03-01,2012,Mar,Spring,GLB,0.58
2012-04-01,2012,Apr,Spring,GLB,0.72
2012-05-01,2012,May,Spring,GLB,0.78
2012-06-01,2012,Jun,Summer,GLB,0.64
2012-07-01,2012,Jul,Summer,GLB,0.58
2012-08-01,2012,Aug,Summer,GLB,0.65
2012-09-01,2012,Sep,Autumn,GLB,0.72
2012-10-01,2012,Oct,Autumn,GLB,0.79
2012-11-01,2012,Nov,Autumn,GLB,0.78
2012-12-01,2012,Dec,Winter,GLB,0.53
2013-01-01,2013,Jan,Winter,GLB,0.71
2013-02-01,2013,Feb,Winter,GLB,0.62
2013-03-01,2013,Mar,Spring,GLB,0.67
2013-04-01,2013,Apr,Spring,GLB,0.54
2013-05-01,2013,May,Spring,GLB,0.61
2013-06-01,2013,Jun,Summer,GLB,0.69
2013-07-01,2013,Jul,Summer,GLB,0.60
2013-08-01,2013,Aug,Summer,GLB,0.69
2013-09-01,2013,Sep,Autumn,GLB,0.77
2013-10-01,2013,Oct,Autumn,GLB,0.69
2013-11-01,2013,Nov,Autumn,GLB,0.83
2013-12-01,2013,Dec,Winter,GLB,0.70
2014-01-01,2014,Jan,Winter,GLB,0.76
2014-02-01,2014,Feb,Winter,GLB,0.55
2014-03-01,2014,Mar,Spring,GLB,0.78
2014-04-01,2014,Apr,Spring,GLB,0.80
2014-05-01,2014,May,Spring,GLB,0.86
2014-06-01,2014,Jun,Summer,GLB,0.67
2014-07-01,2014,Jul,Summer,GLB,0.58
2014-08-01,2014,Aug,Summer,GLB,0.82
2014-09-01,2014,Sep,Autumn,GLB,0.87
2014-10-01,2014,Oct,Autumn,GLB,0.80
2014-11-01,2014,Nov,Autumn,GLB,0.66
2014-12-01,2014,Dec,Winter,GLB,0.78
2015-01-01,2015,Jan,Winter,GLB,0.85
2015-02-01,2015,Feb,Winter,GLB,0.90
2015-03-01,2015,Mar,Spring,GLB,0.96
2015-04-01,2015,Apr,Spring,GLB,0.76
2015-05-01,2015,May,Spring,GLB,0.80
2015-06-01,2015,Jun,Summer,GLB,0.80
2015-07-01,2015,Jul,Summer,GLB,0.72
2015-08-01,2015,Aug,Summer,GLB,0.80
2015-09-01,2015,Sep,Autumn,GLB,0.85
2015-10-01,2015,Oct,Autumn,GLB,1.09
2015-11-01,2015,Nov,Autumn,GLB,1.06
2015-12-01,2015,Dec,Winter,GLB,1.16
2016-01-01,2016,Jan,Winter,GLB,1.17
2016-02-01,2016,Feb,Winter,GLB,1.37
2016-03-01,2016,Mar,Spring,GLB,1.36
2016-04-01,2016,Apr,Spring,GLB,1.10
2016-05-01,2016,May,Spring,GLB,0.95
2016-06-01,2016,Jun,Summer,GLB,0.79
2016-07-01,2016,Jul,Summer,GLB,0.84
2016-08-01,2016,Aug,Summer,GLB,1.01
2016-09-01,2016,Sep,Autumn,GLB,0.90
2016-10-01,2016,Oct,Autumn,GLB,0.89
2016-11-01,2016,Nov,Autumn,GLB,0.92
2016-12-01,2016,Dec,Winter,GLB,0.86
2017-01-01,2017,Jan,Winter,GLB,1.02
2017-02-01,2017,Feb,Winter,GLB,1.13
2017-03-01,2017,Mar,Spring,GLB,1.16
2017-04-01,2017,Apr,Spring,GLB,0.94
2017-05-01,2017,May,Spring,GLB,0.91
2017-06-01,2017,Jun,Summer,GLB,0.71
2017-07-01,2017,Jul,Summer,GLB,0.81
2017-08-01,2017,Aug,Summer,GLB,0.87
2017-09-01,2017,Sep,Autumn,GLB,0.77
2017-10-01,2017,Oct,Autumn,GLB,0.90
2017-11-01,2017,Nov,Autumn,GLB,0.88
2017-12-01,2017,Dec,Winter,GLB,0.93
2018-01-01,2018,Jan,Winter,GLB,0.82
2018-02-01,2018,Feb,Winter,GLB,0.85
2018-03-01,2018,Mar,Spring,GLB,0.88
2018-04-01,2018,Apr,Spring,GLB,0.89
2018-05-01,2018,May,Spring,GLB,0.82
2018-06-01,2018,Jun,Summer,GLB,0.77
2018-07-01,2018,Jul,Summer,GLB,0.82
2018-08-01,2018,Aug,Summer,GLB,0.76
2018-09-01,2018,Sep,Autumn,GLB,0.80
2018-10-01,2018,Oct,Autumn,GLB,1.02
2018-11-01,2018,Nov,Autumn,GLB,0.82
2018-12-01,2018,Dec,Winter,GLB,0.91
2019-01-01,2019,Jan,Winter,GLB,0.93
2019-02-01,2019,Feb,Winter,GLB,0.95
2019-03-01,2019,Mar,Spring,GLB,1.17
2019-04-01,2019,Apr,Spring,GLB,1.01
2019-05-01,2019,May,Spring,GLB,0.85
2019-06-01,2019,Jun,Summer,GLB,0.90
2019-07-01,2019,Jul,Summer,GLB,0.94
2019-08-01,2019,Aug,Summer,GLB,0.95
2019-09-01,2019,Sep,Autumn,GLB,0.93
2019-10-01,2019,Oct,Autumn,GLB,1.01
2019-11-01,2019,Nov,Autumn,GLB,0.99
2019-12-01,2019,Dec,Winter,GLB,1.09
2020-01-01,2020,Jan,Winter,GLB,1.17
2020-02-01,2020,Feb,Winter,GLB,1.24
2020-03-01,2020,Mar,Spring,GLB,1.17
2020-04-01,2020,Apr,Spring,GLB,1.13
2020-05-01,2020,May,Spring,GLB,1.01
2020-06-01,2020,Jun,Summer,GLB,0.91
2020-07-01,2020,Jul,Summer,GLB,0.90
2020-08-01,2020,Aug,Summer,GLB,0.87
2020-09-01,2020,Sep,Autumn,GLB,0.98
2020-10-01,2020,Oct,Autumn,GLB,0.88
2020-11-01,2020,Nov,Autumn,GLB,1.10
2020-12-01,2020,Dec,Winter,GLB,0.81
2021-01-01,2021,Jan,Winter,GLB,0.81
2021-02-01,2021,Feb,Winter,GLB,0.64
2021-03-01,2021,Mar,Spring,GLB,0.88
2021-04-01,2021,Apr,Spring,GLB,0.75
2021-05-01,2021,May,Spring,GLB,0.78
2021-06-01,2021,Jun,Summer,GLB,0.84
2021-07-01,2021,Jul,Summer,GLB,0.91
2021-08-01,2021,Aug,Summer,GLB,0.81
2021-09-01,2021,Sep,Autumn,GLB,0.92
2021-10-01,2021,Oct,Autumn,GLB,1.00
2021-11-01,2021,Nov,Autumn,GLB,0.93
2021-12-01,2021,Dec,Winter,GLB,0.85
2022-01-01,2022,Jan,Winter,GLB,0.91
2022-02-01,2022,Feb,Winter,GLB,0.89
2022-03-01,2022,Mar,Spring,GLB,1.05
2022-04-01,2022,Apr,Spring,GLB,0.83
2022-05-01,2022,May,Spring,GLB,0.84
2022-06-01,2022,Jun,Summer,GLB,0.92
2022-07-01,2022,Jul,Summer,GLB,0.93
2022-08-01,2022,Aug,Summer,GLB,0.95
2022-09-01,2022,Sep,Autumn,GLB,0.89
2022-10-01,2022,Oct,Autumn,GLB,0.97
2022-11-01,2022,Nov,Autumn,GLB,0.72
2022-12-01,2022,Dec,Winter,GLB,0.79
2023-01-01,2023,Jan,Winter,GLB,0.86
2023-02-01,2023,Feb,Winter,GLB,0.97
2023-03-01,2023,Mar,Spring,GLB,1.20
2023-04-01,2023,Apr,Spring,GLB,1.00
2023-05-01,2023,May,Spring,GLB,0.93
2023-06-01,2023,Jun,Summer,GLB,1.07
